+ACI-date+ACI-,+ACI-product+ACI-,+ACI-sales+ACI-
2023+AC0-07+AC0-19,+ACI-Widget A+ACI-,24
2023+AC0-07+AC0-19,+ACI-Widget B+ACI-,15
2023+AC0-07+AC0-19,+ACI-Widget C+ACI-,27
2023+AC0-07+AC0-20,+ACI-Widget A+ACI-,16
2023+AC0-07+AC0-20,+ACI-Widget B+ACI-,19
2023+AC0-07+AC0-20,+ACI-Widget C+ACI-,20
2023+AC0-07+AC0-21,+ACI-Widget A+ACI-,19
2023+AC0-07+AC0-21,+ACI-Widget B+ACI-,14
2023+AC0-07+AC0-21,+ACI-Widget C+ACI-,21
2023+AC0-07+AC0-22,+ACI-Widget A+ACI-,18
2023+AC0-07+AC0-22,+ACI-Widget B+ACI-,13
2023+AC0-07+AC0-22,+ACI-Widget C+ACI-,18
2023+AC0-07+AC0-23,+ACI-Widget A+ACI-,21
2023+AC0-07+AC0-23,+ACI-Widget B+ACI-,11
2023+AC0-07+AC0-23,+ACI-Widget C+ACI-,19
2023+AC0-07+AC0-24,+ACI-Widget A+ACI-,25
2023+AC0-07+AC0-24,+ACI-Widget B+ACI-,15
2023+AC0-07+AC0-24,+ACI-Widget C+ACI-,22
2023+AC0-07+AC0-25,+ACI-Widget A+ACI-,26
2023+AC0-07+AC0-25,+ACI-Widget B+ACI-,19
2023+AC0-07+AC0-25,+ACI-Widget C+ACI-,18
2023+AC0-07+AC0-26,+ACI-Widget A+ACI-,19
2023+AC0-07+AC0-26,+ACI-Widget B+ACI-,28
2023+AC0-07+AC0-26,+ACI-Widget C+ACI-,15
2023+AC0-07+AC0-27,+ACI-Widget A+ACI-,25
2023+AC0-07+AC0-27,+ACI-Widget B+ACI-,22
2023+AC0-07+AC0-27,+ACI-Widget C+ACI-,18
2023+AC0-07+AC0-28,+ACI-Widget A+ACI-,28
2023+AC0-07+AC0-28,+ACI-Widget B+ACI-,18
2023+AC0-07+AC0-28,+ACI-Widget C+ACI-,17
2023+AC0-07+AC0-29,+ACI-Widget A+ACI-,26
2023+AC0-07+AC0-29,+ACI-Widget B+ACI-,28
2023+AC0-07+AC0-29,+ACI-Widget C+ACI-,16
2023+AC0-07+AC0-30,+ACI-Widget A+ACI-,19
2023+AC0-07+AC0-30,+ACI-Widget B+ACI-,30
2023+AC0-07+AC0-30,+ACI-Widget C+ACI-,20
2023+AC0-07+AC0-31,+ACI-Widget A+ACI-,33
2023+AC0-07+AC0-31,+ACI-Widget B+ACI-,21
2023+AC0-07+AC0-31,+ACI-Widget C+ACI-,11
2023+AC0-08+AC0-01,+ACI-Widget A+ACI-,31
2023+AC0-08+AC0-01,+ACI-Widget B+ACI-,23
2023+AC0-08+AC0-01,+ACI-Widget C+ACI-,16
2023+AC0-08+AC0-02,+ACI-Widget A+ACI-,24
2023+AC0-08+AC0-02,+ACI-Widget B+ACI-,13
2023+AC0-08+AC0-02,+ACI-Widget C+ACI-,23
2023+AC0-08+AC0-03,+ACI-Widget A+ACI-,21
2023+AC0-08+AC0-03,+ACI-Widget B+ACI-,23
2023+AC0-08+AC0-03,+ACI-Widget C+ACI-,31
2023+AC0-08+AC0-04,+ACI-Widget A+ACI-,17
2023+AC0-08+AC0-04,+ACI-Widget B+ACI-,26
2023+AC0-08+AC0-04,+ACI-Widget C+ACI-,13
2023+AC0-08+AC0-05,+ACI-Widget A+ACI-,29
2023+AC0-08+AC0-05,+ACI-Widget B+ACI-,22
2023+AC0-08+AC0-05,+ACI-Widget C+ACI-,21
2023+AC0-08+AC0-06,+ACI-Widget A+ACI-,22
2023+AC0-08+AC0-06,+ACI-Widget B+ACI-,23
2023+AC0-08+AC0-06,+ACI-Widget C+ACI-,18
2023+AC0-08+AC0-07,+ACI-Widget A+ACI-,24
2023+AC0-08+AC0-07,+ACI-Widget B+ACI-,15
2023+AC0-08+AC0-07,+ACI-Widget C+ACI-,20
2023+AC0-08+AC0-08,+ACI-Widget A+ACI-,28
2023+AC0-08+AC0-08,+ACI-Widget B+ACI-,26
2023+AC0-08+AC0-08,+ACI-Widget C+ACI-,17
2023+AC0-08+AC0-09,+ACI-Widget A+ACI-,21
2023+AC0-08+AC0-09,+ACI-Widget B+ACI-,28
2023+AC0-08+AC0-09,+ACI-Widget C+ACI-,19
2023+AC0-08+AC0-10,+ACI-Widget A+ACI-,16
2023+AC0-08+AC0-10,+ACI-Widget B+ACI-,32
2023+AC0-08+AC0-10,+ACI-Widget C+ACI-,15
2023+AC0-08+AC0-11,+ACI-Widget A+ACI-,28
2023+AC0-08+AC0-11,+ACI-Widget B+ACI-,21
2023+AC0-08+AC0-11,+ACI-Widget C+ACI-,23
2023+AC0-08+AC0-12,+ACI-Widget A+ACI-,25
2023+AC0-08+AC0-12,+ACI-Widget B+ACI-,30
2023+AC0-08+AC0-12,+ACI-Widget C+ACI-,22
2023+AC0-08+AC0-13,+ACI-Widget A+ACI-,21
2023+AC0-08+AC0-13,+ACI-Widget B+ACI-,8
2023+AC0-08+AC0-13,+ACI-Widget C+ACI-,25
2023+AC0-08+AC0-14,+ACI-Widget A+ACI-,26
2023+AC0-08+AC0-14,+ACI-Widget B+ACI-,23
2023+AC0-08+AC0-14,+ACI-Widget C+ACI-,23
2023+AC0-08+AC0-15,+ACI-Widget A+ACI-,22
2023+AC0-08+AC0-15,+ACI-Widget B+ACI-,21
2023+AC0-08+AC0-15,+ACI-Widget C+ACI-,22
2023+AC0-08+AC0-16,+ACI-Widget A+ACI-,22
2023+AC0-08+AC0-16,+ACI-Widget B+ACI-,24
2023+AC0-08+AC0-16,+ACI-Widget C+ACI-,23
2023+AC0-08+AC0-17,+ACI-Widget A+ACI-,21
2023+AC0-08+AC0-17,+ACI-Widget B+ACI-,22
2023+AC0-08+AC0-17,+ACI-Widget C+ACI-,23
2023+AC0-08+AC0-18,+ACI-Widget A+ACI-,21
2023+AC0-08+AC0-18,+ACI-Widget B+ACI-,23
2023+AC0-08+AC0-18,+ACI-Widget C+ACI-,24
2023+AC0-08+AC0-19,+ACI-Widget A+ACI-,23
2023+AC0-08+AC0-19,+ACI-Widget B+ACI-,32
2023+AC0-08+AC0-19,+ACI-Widget C+ACI-,20
2023+AC0-08+AC0-20,+ACI-Widget A+ACI-,35
2023+AC0-08+AC0-20,+ACI-Widget B+ACI-,16
2023+AC0-08+AC0-20,+ACI-Widget C+ACI-,14
2023+AC0-08+AC0-21,+ACI-Widget A+ACI-,28
2023+AC0-08+AC0-21,+ACI-Widget B+ACI-,15
2023+AC0-08+AC0-21,+ACI-Widget C+ACI-,25
2023+AC0-08+AC0-22,+ACI-Widget A+ACI-,20
2023+AC0-08+AC0-22,+ACI-Widget B+ACI-,27
2023+AC0-08+AC0-22,+ACI-Widget C+ACI-,21
2023+AC0-08+AC0-23,+ACI-Widget A+ACI-,21
2023+AC0-08+AC0-23,+ACI-Widget B+ACI-,26
2023+AC0-08+AC0-23,+ACI-Widget C+ACI-,24
2023+AC0-08+AC0-24,+ACI-Widget A+ACI-,22
2023+AC0-08+AC0-24,+ACI-Widget B+ACI-,30
2023+AC0-08+AC0-24,+ACI-Widget C+ACI-,34
2023+AC0-08+AC0-25,+ACI-Widget A+ACI-,25
2023+AC0-08+AC0-25,+ACI-Widget B+ACI-,24
2023+AC0-08+AC0-25,+ACI-Widget C+ACI-,26
2023+AC0-08+AC0-26,+ACI-Widget A+ACI-,13
2023+AC0-08+AC0-26,+ACI-Widget B+ACI-,21
2023+AC0-08+AC0-26,+ACI-Widget C+ACI-,16
2023+AC0-08+AC0-27,+ACI-Widget A+ACI-,24
2023+AC0-08+AC0-27,+ACI-Widget B+ACI-,15
2023+AC0-08+AC0-27,+ACI-Widget C+ACI-,26
2023+AC0-08+AC0-28,+ACI-Widget A+ACI-,20
2023+AC0-08+AC0-28,+ACI-Widget B+ACI-,26
2023+AC0-08+AC0-28,+ACI-Widget C+ACI-,17
2023+AC0-08+AC0-29,+ACI-Widget A+ACI-,13
2023+AC0-08+AC0-29,+ACI-Widget B+ACI-,27
2023+AC0-08+AC0-29,+ACI-Widget C+ACI-,35
2023+AC0-08+AC0-30,+ACI-Widget A+ACI-,15
2023+AC0-08+AC0-30,+ACI-Widget B+ACI-,25
2023+AC0-08+AC0-30,+ACI-Widget C+ACI-,27
2023+AC0-08+AC0-31,+ACI-Widget A+ACI-,11
2023+AC0-08+AC0-31,+ACI-Widget B+ACI-,22
2023+AC0-08+AC0-31,+ACI-Widget C+ACI-,22
2023+AC0-09+AC0-01,+ACI-Widget A+ACI-,26
2023+AC0-09+AC0-01,+ACI-Widget B+ACI-,21
2023+AC0-09+AC0-01,+ACI-Widget C+ACI-,30
2023+AC0-09+AC0-02,+ACI-Widget A+ACI-,26
2023+AC0-09+AC0-02,+ACI-Widget B+ACI-,26
2023+AC0-09+AC0-02,+ACI-Widget C+ACI-,28
2023+AC0-09+AC0-03,+ACI-Widget A+ACI-,28
2023+AC0-09+AC0-03,+ACI-Widget B+ACI-,22
2023+AC0-09+AC0-03,+ACI-Widget C+ACI-,19
2023+AC0-09+AC0-04,+ACI-Widget A+ACI-,26
2023+AC0-09+AC0-04,+ACI-Widget B+ACI-,24
2023+AC0-09+AC0-04,+ACI-Widget C+ACI-,23
2023+AC0-09+AC0-05,+ACI-Widget A+ACI-,33
2023+AC0-09+AC0-05,+ACI-Widget B+ACI-,19
2023+AC0-09+AC0-05,+ACI-Widget C+ACI-,27
2023+AC0-09+AC0-06,+ACI-Widget A+ACI-,19
2023+AC0-09+AC0-06,+ACI-Widget B+ACI-,23
2023+AC0-09+AC0-06,+ACI-Widget C+ACI-,29
2023+AC0-09+AC0-07,+ACI-Widget A+ACI-,24
2023+AC0-09+AC0-07,+ACI-Widget B+ACI-,24
2023+AC0-09+AC0-07,+ACI-Widget C+ACI-,24
2023+AC0-09+AC0-08,+ACI-Widget A+ACI-,26
2023+AC0-09+AC0-08,+ACI-Widget B+ACI-,19
2023+AC0-09+AC0-08,+ACI-Widget C+ACI-,30
2023+AC0-09+AC0-09,+ACI-Widget A+ACI-,18
2023+AC0-09+AC0-09,+ACI-Widget B+ACI-,19
2023+AC0-09+AC0-09,+ACI-Widget C+ACI-,19
2023+AC0-09+AC0-10,+ACI-Widget A+ACI-,23
2023+AC0-09+AC0-10,+ACI-Widget B+ACI-,14
2023+AC0-09+AC0-10,+ACI-Widget C+ACI-,29
2023+AC0-09+AC0-11,+ACI-Widget A+ACI-,22
2023+AC0-09+AC0-11,+ACI-Widget B+ACI-,25
2023+AC0-09+AC0-11,+ACI-Widget C+ACI-,26
2023+AC0-09+AC0-12,+ACI-Widget A+ACI-,17
2023+AC0-09+AC0-12,+ACI-Widget B+ACI-,19
2023+AC0-09+AC0-12,+ACI-Widget C+ACI-,20
2023+AC0-09+AC0-13,+ACI-Widget A+ACI-,30
2023+AC0-09+AC0-13,+ACI-Widget B+ACI-,17
2023+AC0-09+AC0-13,+ACI-Widget C+ACI-,25
2023+AC0-09+AC0-14,+ACI-Widget A+ACI-,21
2023+AC0-09+AC0-14,+ACI-Widget B+ACI-,27
2023+AC0-09+AC0-14,+ACI-Widget C+ACI-,18
2023+AC0-09+AC0-15,+ACI-Widget A+ACI-,18
2023+AC0-09+AC0-15,+ACI-Widget B+ACI-,15
2023+AC0-09+AC0-15,+ACI-Widget C+ACI-,17
2023+AC0-09+AC0-16,+ACI-Widget A+ACI-,29
2023+AC0-09+AC0-16,+ACI-Widget B+ACI-,34
2023+AC0-09+AC0-16,+ACI-Widget C+ACI-,24
2023+AC0-09+AC0-17,+ACI-Widget A+ACI-,21
2023+AC0-09+AC0-17,+ACI-Widget B+ACI-,25
2023+AC0-09+AC0-17,+ACI-Widget C+ACI-,21
2023+AC0-09+AC0-18,+ACI-Widget A+ACI-,18
2023+AC0-09+AC0-18,+ACI-Widget B+ACI-,21
2023+AC0-09+AC0-18,+ACI-Widget C+ACI-,22
2023+AC0-09+AC0-19,+ACI-Widget A+ACI-,29
2023+AC0-09+AC0-19,+ACI-Widget B+ACI-,23
2023+AC0-09+AC0-19,+ACI-Widget C+ACI-,18
2023+AC0-09+AC0-20,+ACI-Widget A+ACI-,34
2023+AC0-09+AC0-20,+ACI-Widget B+ACI-,26
2023+AC0-09+AC0-20,+ACI-Widget C+ACI-,18
2023+AC0-09+AC0-21,+ACI-Widget A+ACI-,26
2023+AC0-09+AC0-21,+ACI-Widget B+ACI-,22
2023+AC0-09+AC0-21,+ACI-Widget C+ACI-,25
2023+AC0-09+AC0-22,+ACI-Widget A+ACI-,23
2023+AC0-09+AC0-22,+ACI-Widget B+ACI-,23
2023+AC0-09+AC0-22,+ACI-Widget C+ACI-,34
2023+AC0-09+AC0-23,+ACI-Widget A+ACI-,17
2023+AC0-09+AC0-23,+ACI-Widget B+ACI-,27
2023+AC0-09+AC0-23,+ACI-Widget C+ACI-,19
2023+AC0-09+AC0-24,+ACI-Widget A+ACI-,21
2023+AC0-09+AC0-24,+ACI-Widget B+ACI-,22
2023+AC0-09+AC0-24,+ACI-Widget C+ACI-,17
2023+AC0-09+AC0-25,+ACI-Widget A+ACI-,29
2023+AC0-09+AC0-25,+ACI-Widget B+ACI-,19
2023+AC0-09+AC0-25,+ACI-Widget C+ACI-,28
2023+AC0-09+AC0-26,+ACI-Widget A+ACI-,22
2023+AC0-09+AC0-26,+ACI-Widget B+ACI-,22
2023+AC0-09+AC0-26,+ACI-Widget C+ACI-,20
2023+AC0-09+AC0-27,+ACI-Widget A+ACI-,37
2023+AC0-09+AC0-27,+ACI-Widget B+ACI-,28
2023+AC0-09+AC0-27,+ACI-Widget C+ACI-,25
2023+AC0-09+AC0-28,+ACI-Widget A+ACI-,25
2023+AC0-09+AC0-28,+ACI-Widget B+ACI-,26
2023+AC0-09+AC0-28,+ACI-Widget C+ACI-,15
2023+AC0-09+AC0-29,+ACI-Widget A+ACI-,24
2023+AC0-09+AC0-29,+ACI-Widget B+ACI-,21
2023+AC0-09+AC0-29,+ACI-Widget C+ACI-,20
2023+AC0-09+AC0-30,+ACI-Widget A+ACI-,20
2023+AC0-09+AC0-30,+ACI-Widget B+ACI-,30
2023+AC0-09+AC0-30,+ACI-Widget C+ACI-,26
2023+AC0-10+AC0-01,+ACI-Widget A+ACI-,24
2023+AC0-10+AC0-01,+ACI-Widget B+ACI-,19
2023+AC0-10+AC0-01,+ACI-Widget C+ACI-,26
2023+AC0-10+AC0-02,+ACI-Widget A+ACI-,29
2023+AC0-10+AC0-02,+ACI-Widget B+ACI-,21
2023+AC0-10+AC0-02,+ACI-Widget C+ACI-,20
2023+AC0-10+AC0-03,+ACI-Widget A+ACI-,25
2023+AC0-10+AC0-03,+ACI-Widget B+ACI-,27
2023+AC0-10+AC0-03,+ACI-Widget C+ACI-,30
2023+AC0-10+AC0-04,+ACI-Widget A+ACI-,26
2023+AC0-10+AC0-04,+ACI-Widget B+ACI-,30
2023+AC0-10+AC0-04,+ACI-Widget C+ACI-,27
2023+AC0-10+AC0-05,+ACI-Widget A+ACI-,21
2023+AC0-10+AC0-05,+ACI-Widget B+ACI-,19
2023+AC0-10+AC0-05,+ACI-Widget C+ACI-,31
2023+AC0-10+AC0-06,+ACI-Widget A+ACI-,21
2023+AC0-10+AC0-06,+ACI-Widget B+ACI-,25
2023+AC0-10+AC0-06,+ACI-Widget C+ACI-,26
2023+AC0-10+AC0-07,+ACI-Widget A+ACI-,29
2023+AC0-10+AC0-07,+ACI-Widget B+ACI-,31
2023+AC0-10+AC0-07,+ACI-Widget C+ACI-,24
2023+AC0-10+AC0-08,+ACI-Widget A+ACI-,21
2023+AC0-10+AC0-08,+ACI-Widget B+ACI-,18
2023+AC0-10+AC0-08,+ACI-Widget C+ACI-,19
2023+AC0-10+AC0-09,+ACI-Widget A+ACI-,28
2023+AC0-10+AC0-09,+ACI-Widget B+ACI-,19
2023+AC0-10+AC0-09,+ACI-Widget C+ACI-,27
2023+AC0-10+AC0-10,+ACI-Widget A+ACI-,25
2023+AC0-10+AC0-10,+ACI-Widget B+ACI-,19
2023+AC0-10+AC0-10,+ACI-Widget C+ACI-,16
2023+AC0-10+AC0-11,+ACI-Widget A+ACI-,21
2023+AC0-10+AC0-11,+ACI-Widget B+ACI-,27
2023+AC0-10+AC0-11,+ACI-Widget C+ACI-,28
2023+AC0-10+AC0-12,+ACI-Widget A+ACI-,29
2023+AC0-10+AC0-12,+ACI-Widget B+ACI-,25
2023+AC0-10+AC0-12,+ACI-Widget C+ACI-,17
2023+AC0-10+AC0-13,+ACI-Widget A+ACI-,28
2023+AC0-10+AC0-13,+ACI-Widget B+ACI-,23
2023+AC0-10+AC0-13,+ACI-Widget C+ACI-,22
2023+AC0-10+AC0-14,+ACI-Widget A+ACI-,24
2023+AC0-10+AC0-14,+ACI-Widget B+ACI-,20
2023+AC0-10+AC0-14,+ACI-Widget C+ACI-,32
2023+AC0-10+AC0-15,+ACI-Widget A+ACI-,28
2023+AC0-10+AC0-15,+ACI-Widget B+ACI-,22
2023+AC0-10+AC0-15,+ACI-Widget C+ACI-,20
2023+AC0-10+AC0-16,+ACI-Widget A+ACI-,34
2023+AC0-10+AC0-16,+ACI-Widget B+ACI-,34
2023+AC0-10+AC0-16,+ACI-Widget C+ACI-,32
2023+AC0-10+AC0-17,+ACI-Widget A+ACI-,21
2023+AC0-10+AC0-17,+ACI-Widget B+ACI-,16
2023+AC0-10+AC0-17,+ACI-Widget C+ACI-,16
2023+AC0-10+AC0-18,+ACI-Widget A+ACI-,25
2023+AC0-10+AC0-18,+ACI-Widget B+ACI-,33
2023+AC0-10+AC0-18,+ACI-Widget C+ACI-,19
2023+AC0-10+AC0-19,+ACI-Widget A+ACI-,35
2023+AC0-10+AC0-19,+ACI-Widget B+ACI-,30
2023+AC0-10+AC0-19,+ACI-Widget C+ACI-,32
2023+AC0-10+AC0-20,+ACI-Widget A+ACI-,23
2023+AC0-10+AC0-20,+ACI-Widget B+ACI-,22
2023+AC0-10+AC0-20,+ACI-Widget C+ACI-,22
2023+AC0-10+AC0-21,+ACI-Widget A+ACI-,23
2023+AC0-10+AC0-21,+ACI-Widget B+ACI-,30
2023+AC0-10+AC0-21,+ACI-Widget C+ACI-,37
2023+AC0-10+AC0-22,+ACI-Widget A+ACI-,26
2023+AC0-10+AC0-22,+ACI-Widget B+ACI-,27
2023+AC0-10+AC0-22,+ACI-Widget C+ACI-,21
2023+AC0-10+AC0-23,+ACI-Widget A+ACI-,29
2023+AC0-10+AC0-23,+ACI-Widget B+ACI-,23
2023+AC0-10+AC0-23,+ACI-Widget C+ACI-,29
2023+AC0-10+AC0-24,+ACI-Widget A+ACI-,21
2023+AC0-10+AC0-24,+ACI-Widget B+ACI-,23
2023+AC0-10+AC0-24,+ACI-Widget C+ACI-,33
2023+AC0-10+AC0-25,+ACI-Widget A+ACI-,17
2023+AC0-10+AC0-25,+ACI-Widget B+ACI-,25
2023+AC0-10+AC0-25,+ACI-Widget C+ACI-,16
2023+AC0-10+AC0-26,+ACI-Widget A+ACI-,30
2023+AC0-10+AC0-26,+ACI-Widget B+ACI-,25
2023+AC0-10+AC0-26,+ACI-Widget C+ACI-,32
2023+AC0-10+AC0-27,+ACI-Widget A+ACI-,22
2023+AC0-10+AC0-27,+ACI-Widget B+ACI-,32
2023+AC0-10+AC0-27,+ACI-Widget C+ACI-,29
2023+AC0-10+AC0-28,+ACI-Widget A+ACI-,27
2023+AC0-10+AC0-28,+ACI-Widget B+ACI-,22
2023+AC0-10+AC0-28,+ACI-Widget C+ACI-,31
2023+AC0-10+AC0-29,+ACI-Widget A+ACI-,27
2023+AC0-10+AC0-29,+ACI-Widget B+ACI-,27
2023+AC0-10+AC0-29,+ACI-Widget C+ACI-,29
2023+AC0-10+AC0-30,+ACI-Widget A+ACI-,38
2023+AC0-10+AC0-30,+ACI-Widget B+ACI-,28
2023+AC0-10+AC0-30,+ACI-Widget C+ACI-,22
2023+AC0-10+AC0-31,+ACI-Widget A+ACI-,23
2023+AC0-10+AC0-31,+ACI-Widget B+ACI-,28
2023+AC0-10+AC0-31,+ACI-Widget C+ACI-,29
2023+AC0-11+AC0-01,+ACI-Widget A+ACI-,24
2023+AC0-11+AC0-01,+ACI-Widget B+ACI-,28
2023+AC0-11+AC0-01,+ACI-Widget C+ACI-,16
2023+AC0-11+AC0-02,+ACI-Widget A+ACI-,34
2023+AC0-11+AC0-02,+ACI-Widget B+ACI-,25
2023+AC0-11+AC0-02,+ACI-Widget C+ACI-,25
2023+AC0-11+AC0-03,+ACI-Widget A+ACI-,31
2023+AC0-11+AC0-03,+ACI-Widget B+ACI-,30
2023+AC0-11+AC0-03,+ACI-Widget C+ACI-,41
2023+AC0-11+AC0-04,+ACI-Widget A+ACI-,29
2023+AC0-11+AC0-04,+ACI-Widget B+ACI-,29
2023+AC0-11+AC0-04,+ACI-Widget C+ACI-,30
2023+AC0-11+AC0-05,+ACI-Widget A+ACI-,18
2023+AC0-11+AC0-05,+ACI-Widget B+ACI-,19
2023+AC0-11+AC0-05,+ACI-Widget C+ACI-,17
2023+AC0-11+AC0-06,+ACI-Widget A+ACI-,23
2023+AC0-11+AC0-06,+ACI-Widget B+ACI-,22
2023+AC0-11+AC0-06,+ACI-Widget C+ACI-,27
2023+AC0-11+AC0-07,+ACI-Widget A+ACI-,25
2023+AC0-11+AC0-07,+ACI-Widget B+ACI-,26
2023+AC0-11+AC0-07,+ACI-Widget C+ACI-,24
2023+AC0-11+AC0-08,+ACI-Widget A+ACI-,17
2023+AC0-11+AC0-08,+ACI-Widget B+ACI-,9
2023+AC0-11+AC0-08,+ACI-Widget C+ACI-,25
2023+AC0-11+AC0-09,+ACI-Widget A+ACI-,29
2023+AC0-11+AC0-09,+ACI-Widget B+ACI-,15
2023+AC0-11+AC0-09,+ACI-Widget C+ACI-,29
2023+AC0-11+AC0-10,+ACI-Widget A+ACI-,26
2023+AC0-11+AC0-10,+ACI-Widget B+ACI-,23
2023+AC0-11+AC0-10,+ACI-Widget C+ACI-,18
2023+AC0-11+AC0-11,+ACI-Widget A+ACI-,21
2023+AC0-11+AC0-11,+ACI-Widget B+ACI-,19
2023+AC0-11+AC0-11,+ACI-Widget C+ACI-,27
2023+AC0-11+AC0-12,+ACI-Widget A+ACI-,21
2023+AC0-11+AC0-12,+ACI-Widget B+ACI-,16
2023+AC0-11+AC0-12,+ACI-Widget C+ACI-,28
2023+AC0-11+AC0-13,+ACI-Widget A+ACI-,21
2023+AC0-11+AC0-13,+ACI-Widget B+ACI-,24
2023+AC0-11+AC0-13,+ACI-Widget C+ACI-,25
2023+AC0-11+AC0-14,+ACI-Widget A+ACI-,21
2023+AC0-11+AC0-14,+ACI-Widget B+ACI-,34
2023+AC0-11+AC0-14,+ACI-Widget C+ACI-,30
2023+AC0-11+AC0-15,+ACI-Widget A+ACI-,20
2023+AC0-11+AC0-15,+ACI-Widget B+ACI-,24
2023+AC0-11+AC0-15,+ACI-Widget C+ACI-,23
2023+AC0-11+AC0-16,+ACI-Widget A+ACI-,39
2023+AC0-11+AC0-16,+ACI-Widget B+ACI-,26
2023+AC0-11+AC0-16,+ACI-Widget C+ACI-,20
2023+AC0-11+AC0-17,+ACI-Widget A+ACI-,19
2023+AC0-11+AC0-17,+ACI-Widget B+ACI-,24
2023+AC0-11+AC0-17,+ACI-Widget C+ACI-,26
2023+AC0-11+AC0-18,+ACI-Widget A+ACI-,26
2023+AC0-11+AC0-18,+ACI-Widget B+ACI-,25
2023+AC0-11+AC0-18,+ACI-Widget C+ACI-,20
2023+AC0-11+AC0-19,+ACI-Widget A+ACI-,24
2023+AC0-11+AC0-19,+ACI-Widget B+ACI-,22
2023+AC0-11+AC0-19,+ACI-Widget C+ACI-,12
2023+AC0-11+AC0-20,+ACI-Widget A+ACI-,24
2023+AC0-11+AC0-20,+ACI-Widget B+ACI-,24
2023+AC0-11+AC0-20,+ACI-Widget C+ACI-,20
2023+AC0-11+AC0-21,+ACI-Widget A+ACI-,38
2023+AC0-11+AC0-21,+ACI-Widget B+ACI-,30
2023+AC0-11+AC0-21,+ACI-Widget C+ACI-,29
2023+AC0-11+AC0-22,+ACI-Widget A+ACI-,24
2023+AC0-11+AC0-22,+ACI-Widget B+ACI-,31
2023+AC0-11+AC0-22,+ACI-Widget C+ACI-,21
2023+AC0-11+AC0-23,+ACI-Widget A+ACI-,24
2023+AC0-11+AC0-23,+ACI-Widget B+ACI-,25
2023+AC0-11+AC0-23,+ACI-Widget C+ACI-,30
2023+AC0-11+AC0-24,+ACI-Widget A+ACI-,30
2023+AC0-11+AC0-24,+ACI-Widget B+ACI-,27
2023+AC0-11+AC0-24,+ACI-Widget C+ACI-,24
2023+AC0-11+AC0-25,+ACI-Widget A+ACI-,21
2023+AC0-11+AC0-25,+ACI-Widget B+ACI-,24
2023+AC0-11+AC0-25,+ACI-Widget C+ACI-,19
2023+AC0-11+AC0-26,+ACI-Widget A+ACI-,27
2023+AC0-11+AC0-26,+ACI-Widget B+ACI-,23
2023+AC0-11+AC0-26,+ACI-Widget C+ACI-,20
2023+AC0-11+AC0-27,+ACI-Widget A+ACI-,27
2023+AC0-11+AC0-27,+ACI-Widget B+ACI-,30
2023+AC0-11+AC0-27,+ACI-Widget C+ACI-,36
2023+AC0-11+AC0-28,+ACI-Widget A+ACI-,22
2023+AC0-11+AC0-28,+ACI-Widget B+ACI-,24
2023+AC0-11+AC0-28,+ACI-Widget C+ACI-,28
2023+AC0-11+AC0-29,+ACI-Widget A+ACI-,20
2023+AC0-11+AC0-29,+ACI-Widget B+ACI-,21
2023+AC0-11+AC0-29,+ACI-Widget C+ACI-,19
2023+AC0-11+AC0-30,+ACI-Widget A+ACI-,27
2023+AC0-11+AC0-30,+ACI-Widget B+ACI-,23
2023+AC0-11+AC0-30,+ACI-Widget C+ACI-,29
2023+AC0-12+AC0-01,+ACI-Widget A+ACI-,35
2023+AC0-12+AC0-01,+ACI-Widget B+ACI-,19
2023+AC0-12+AC0-01,+ACI-Widget C+ACI-,25
2023+AC0-12+AC0-02,+ACI-Widget A+ACI-,27
2023+AC0-12+AC0-02,+ACI-Widget B+ACI-,28
2023+AC0-12+AC0-02,+ACI-Widget C+ACI-,25
2023+AC0-12+AC0-03,+ACI-Widget A+ACI-,25
2023+AC0-12+AC0-03,+ACI-Widget B+ACI-,20
2023+AC0-12+AC0-03,+ACI-Widget C+ACI-,25
2023+AC0-12+AC0-04,+ACI-Widget A+ACI-,24
2023+AC0-12+AC0-04,+ACI-Widget B+ACI-,25
2023+AC0-12+AC0-04,+ACI-Widget C+ACI-,18
2023+AC0-12+AC0-05,+ACI-Widget A+ACI-,26
2023+AC0-12+AC0-05,+ACI-Widget B+ACI-,18
2023+AC0-12+AC0-05,+ACI-Widget C+ACI-,19
2023+AC0-12+AC0-06,+ACI-Widget A+ACI-,19
2023+AC0-12+AC0-06,+ACI-Widget B+ACI-,29
2023+AC0-12+AC0-06,+ACI-Widget C+ACI-,19
2023+AC0-12+AC0-07,+ACI-Widget A+ACI-,24
2023+AC0-12+AC0-07,+ACI-Widget B+ACI-,17
2023+AC0-12+AC0-07,+ACI-Widget C+ACI-,18
2023+AC0-12+AC0-08,+ACI-Widget A+ACI-,27
2023+AC0-12+AC0-08,+ACI-Widget B+ACI-,25
2023+AC0-12+AC0-08,+ACI-Widget C+ACI-,23
2023+AC0-12+AC0-09,+ACI-Widget A+ACI-,23
2023+AC0-12+AC0-09,+ACI-Widget B+ACI-,17
2023+AC0-12+AC0-09,+ACI-Widget C+ACI-,27
2023+AC0-12+AC0-10,+ACI-Widget A+ACI-,23
2023+AC0-12+AC0-10,+ACI-Widget B+ACI-,20
2023+AC0-12+AC0-10,+ACI-Widget C+ACI-,32
2023+AC0-12+AC0-11,+ACI-Widget A+ACI-,24
2023+AC0-12+AC0-11,+ACI-Widget B+ACI-,28
2023+AC0-12+AC0-11,+ACI-Widget C+ACI-,15
2023+AC0-12+AC0-12,+ACI-Widget A+ACI-,25
2023+AC0-12+AC0-12,+ACI-Widget B+ACI-,16
2023+AC0-12+AC0-12,+ACI-Widget C+ACI-,24
2023+AC0-12+AC0-13,+ACI-Widget A+ACI-,18
2023+AC0-12+AC0-13,+ACI-Widget B+ACI-,20
2023+AC0-12+AC0-13,+ACI-Widget C+ACI-,35
2023+AC0-12+AC0-14,+ACI-Widget A+ACI-,20
2023+AC0-12+AC0-14,+ACI-Widget B+ACI-,22
2023+AC0-12+AC0-14,+ACI-Widget C+ACI-,23
2023+AC0-12+AC0-15,+ACI-Widget A+ACI-,17
2023+AC0-12+AC0-15,+ACI-Widget B+ACI-,13
2023+AC0-12+AC0-15,+ACI-Widget C+ACI-,18
2023+AC0-12+AC0-16,+ACI-Widget A+ACI-,25
2023+AC0-12+AC0-16,+ACI-Widget B+ACI-,27
2023+AC0-12+AC0-16,+ACI-Widget C+ACI-,24
2023+AC0-12+AC0-17,+ACI-Widget A+ACI-,20
2023+AC0-12+AC0-17,+ACI-Widget B+ACI-,26
2023+AC0-12+AC0-17,+ACI-Widget C+ACI-,25
2023+AC0-12+AC0-18,+ACI-Widget A+ACI-,26
2023+AC0-12+AC0-18,+ACI-Widget B+ACI-,20
2023+AC0-12+AC0-18,+ACI-Widget C+ACI-,16
2023+AC0-12+AC0-19,+ACI-Widget A+ACI-,22
2023+AC0-12+AC0-19,+ACI-Widget B+ACI-,17
2023+AC0-12+AC0-19,+ACI-Widget C+ACI-,25
2023+AC0-12+AC0-20,+ACI-Widget A+ACI-,20
2023+AC0-12+AC0-20,+ACI-Widget B+ACI-,25
2023+AC0-12+AC0-20,+ACI-Widget C+ACI-,18
2023+AC0-12+AC0-21,+ACI-Widget A+ACI-,23
2023+AC0-12+AC0-21,+ACI-Widget B+ACI-,25
2023+AC0-12+AC0-21,+ACI-Widget C+ACI-,13
2023+AC0-12+AC0-22,+ACI-Widget A+ACI-,23
2023+AC0-12+AC0-22,+ACI-Widget B+ACI-,10
2023+AC0-12+AC0-22,+ACI-Widget C+ACI-,13
2023+AC0-12+AC0-23,+ACI-Widget A+ACI-,20
2023+AC0-12+AC0-23,+ACI-Widget B+ACI-,26
2023+AC0-12+AC0-23,+ACI-Widget C+ACI-,16
2023+AC0-12+AC0-24,+ACI-Widget A+ACI-,20
2023+AC0-12+AC0-24,+ACI-Widget B+ACI-,20
2023+AC0-12+AC0-24,+ACI-Widget C+ACI-,16
2023+AC0-12+AC0-25,+ACI-Widget A+ACI-,25
2023+AC0-12+AC0-25,+ACI-Widget B+ACI-,27
2023+AC0-12+AC0-25,+ACI-Widget C+ACI-,25
2023+AC0-12+AC0-26,+ACI-Widget A+ACI-,16
2023+AC0-12+AC0-26,+ACI-Widget B+ACI-,32
2023+AC0-12+AC0-26,+ACI-Widget C+ACI-,20
2023+AC0-12+AC0-27,+ACI-Widget A+ACI-,29
2023+AC0-12+AC0-27,+ACI-Widget B+ACI-,28
2023+AC0-12+AC0-27,+ACI-Widget C+ACI-,18
2023+AC0-12+AC0-28,+ACI-Widget A+ACI-,25
2023+AC0-12+AC0-28,+ACI-Widget B+ACI-,27
2023+AC0-12+AC0-28,+ACI-Widget C+ACI-,17
2023+AC0-12+AC0-29,+ACI-Widget A+ACI-,11
2023+AC0-12+AC0-29,+ACI-Widget B+ACI-,27
2023+AC0-12+AC0-29,+ACI-Widget C+ACI-,21
2023+AC0-12+AC0-30,+ACI-Widget A+ACI-,23
2023+AC0-12+AC0-30,+ACI-Widget B+ACI-,20
2023+AC0-12+AC0-30,+ACI-Widget C+ACI-,24
2023+AC0-12+AC0-31,+ACI-Widget A+ACI-,16
2023+AC0-12+AC0-31,+ACI-Widget B+ACI-,26
2023+AC0-12+AC0-31,+ACI-Widget C+ACI-,21
2024+AC0-01+AC0-01,+ACI-Widget A+ACI-,18
2024+AC0-01+AC0-01,+ACI-Widget B+ACI-,23
2024+AC0-01+AC0-01,+ACI-Widget C+ACI-,32
2024+AC0-01+AC0-02,+ACI-Widget A+ACI-,19
2024+AC0-01+AC0-02,+ACI-Widget B+ACI-,21
2024+AC0-01+AC0-02,+ACI-Widget C+ACI-,27
2024+AC0-01+AC0-03,+ACI-Widget A+ACI-,22
2024+AC0-01+AC0-03,+ACI-Widget B+ACI-,21
2024+AC0-01+AC0-03,+ACI-Widget C+ACI-,23
2024+AC0-01+AC0-04,+ACI-Widget A+ACI-,25
2024+AC0-01+AC0-04,+ACI-Widget B+ACI-,26
2024+AC0-01+AC0-04,+ACI-Widget C+ACI-,19
2024+AC0-01+AC0-05,+ACI-Widget A+ACI-,11
2024+AC0-01+AC0-05,+ACI-Widget B+ACI-,25
2024+AC0-01+AC0-05,+ACI-Widget C+ACI-,20
2024+AC0-01+AC0-06,+ACI-Widget A+ACI-,20
2024+AC0-01+AC0-06,+ACI-Widget B+ACI-,22
2024+AC0-01+AC0-06,+ACI-Widget C+ACI-,23
2024+AC0-01+AC0-07,+ACI-Widget A+ACI-,15
2024+AC0-01+AC0-07,+ACI-Widget B+ACI-,27
2024+AC0-01+AC0-07,+ACI-Widget C+ACI-,18
2024+AC0-01+AC0-08,+ACI-Widget A+ACI-,20
2024+AC0-01+AC0-08,+ACI-Widget B+ACI-,17
2024+AC0-01+AC0-08,+ACI-Widget C+ACI-,18
2024+AC0-01+AC0-09,+ACI-Widget A+ACI-,20
2024+AC0-01+AC0-09,+ACI-Widget B+ACI-,26
2024+AC0-01+AC0-09,+ACI-Widget C+ACI-,23
2024+AC0-01+AC0-10,+ACI-Widget A+ACI-,32
2024+AC0-01+AC0-10,+ACI-Widget B+ACI-,17
2024+AC0-01+AC0-10,+ACI-Widget C+ACI-,28
2024+AC0-01+AC0-11,+ACI-Widget A+ACI-,21
2024+AC0-01+AC0-11,+ACI-Widget B+ACI-,11
2024+AC0-01+AC0-11,+ACI-Widget C+ACI-,16
2024+AC0-01+AC0-12,+ACI-Widget A+ACI-,30
2024+AC0-01+AC0-12,+ACI-Widget B+ACI-,15
2024+AC0-01+AC0-12,+ACI-Widget C+ACI-,15
2024+AC0-01+AC0-13,+ACI-Widget A+ACI-,22
2024+AC0-01+AC0-13,+ACI-Widget B+ACI-,14
2024+AC0-01+AC0-13,+ACI-Widget C+ACI-,25
2024+AC0-01+AC0-14,+ACI-Widget A+ACI-,20
2024+AC0-01+AC0-14,+ACI-Widget B+ACI-,21
2024+AC0-01+AC0-14,+ACI-Widget C+ACI-,20
2024+AC0-01+AC0-15,+ACI-Widget A+ACI-,20
2024+AC0-01+AC0-15,+ACI-Widget B+ACI-,23
2024+AC0-01+AC0-15,+ACI-Widget C+ACI-,25
2024+AC0-01+AC0-16,+ACI-Widget A+ACI-,15
2024+AC0-01+AC0-16,+ACI-Widget B+ACI-,23
2024+AC0-01+AC0-16,+ACI-Widget C+ACI-,15
2024+AC0-01+AC0-17,+ACI-Widget A+ACI-,19
2024+AC0-01+AC0-17,+ACI-Widget B+ACI-,19
2024+AC0-01+AC0-17,+ACI-Widget C+ACI-,25
2024+AC0-01+AC0-18,+ACI-Widget A+ACI-,15
2024+AC0-01+AC0-18,+ACI-Widget B+ACI-,22
2024+AC0-01+AC0-18,+ACI-Widget C+ACI-,24
2024+AC0-01+AC0-19,+ACI-Widget A+ACI-,15
2024+AC0-01+AC0-19,+ACI-Widget B+ACI-,25
2024+AC0-01+AC0-19,+ACI-Widget C+ACI-,22
2024+AC0-01+AC0-20,+ACI-Widget A+ACI-,19
2024+AC0-01+AC0-20,+ACI-Widget B+ACI-,32
2024+AC0-01+AC0-20,+ACI-Widget C+ACI-,23
2024+AC0-01+AC0-21,+ACI-Widget A+ACI-,14
2024+AC0-01+AC0-21,+ACI-Widget B+ACI-,21
2024+AC0-01+AC0-21,+ACI-Widget C+ACI-,16
2024+AC0-01+AC0-22,+ACI-Widget A+ACI-,25
2024+AC0-01+AC0-22,+ACI-Widget B+ACI-,18
2024+AC0-01+AC0-22,+ACI-Widget C+ACI-,20
2024+AC0-01+AC0-23,+ACI-Widget A+ACI-,18
2024+AC0-01+AC0-23,+ACI-Widget B+ACI-,22
2024+AC0-01+AC0-23,+ACI-Widget C+ACI-,14
2024+AC0-01+AC0-24,+ACI-Widget A+ACI-,18
2024+AC0-01+AC0-24,+ACI-Widget B+ACI-,19
2024+AC0-01+AC0-24,+ACI-Widget C+ACI-,23
2024+AC0-01+AC0-25,+ACI-Widget A+ACI-,21
2024+AC0-01+AC0-25,+ACI-Widget B+ACI-,16
2024+AC0-01+AC0-25,+ACI-Widget C+ACI-,17
2024+AC0-01+AC0-26,+ACI-Widget A+ACI-,21
2024+AC0-01+AC0-26,+ACI-Widget B+ACI-,22
2024+AC0-01+AC0-26,+ACI-Widget C+ACI-,21
2024+AC0-01+AC0-27,+ACI-Widget A+ACI-,18
2024+AC0-01+AC0-27,+ACI-Widget B+ACI-,19
2024+AC0-01+AC0-27,+ACI-Widget C+ACI-,16
2024+AC0-01+AC0-28,+ACI-Widget A+ACI-,22
2024+AC0-01+AC0-28,+ACI-Widget B+ACI-,23
2024+AC0-01+AC0-28,+ACI-Widget C+ACI-,26
2024+AC0-01+AC0-29,+ACI-Widget A+ACI-,12
2024+AC0-01+AC0-29,+ACI-Widget B+ACI-,18
2024+AC0-01+AC0-29,+ACI-Widget C+ACI-,21
2024+AC0-01+AC0-30,+ACI-Widget A+ACI-,24
2024+AC0-01+AC0-30,+ACI-Widget B+ACI-,26
2024+AC0-01+AC0-30,+ACI-Widget C+ACI-,13
2024+AC0-01+AC0-31,+ACI-Widget A+ACI-,20
2024+AC0-01+AC0-31,+ACI-Widget B+ACI-,22
2024+AC0-01+AC0-31,+ACI-Widget C+ACI-,19
2024+AC0-02+AC0-01,+ACI-Widget A+ACI-,17
2024+AC0-02+AC0-01,+ACI-Widget B+ACI-,26
2024+AC0-02+AC0-01,+ACI-Widget C+ACI-,22
2024+AC0-02+AC0-02,+ACI-Widget A+ACI-,16
2024+AC0-02+AC0-02,+ACI-Widget B+ACI-,13
2024+AC0-02+AC0-02,+ACI-Widget C+ACI-,31
2024+AC0-02+AC0-03,+ACI-Widget A+ACI-,22
2024+AC0-02+AC0-03,+ACI-Widget B+ACI-,15
2024+AC0-02+AC0-03,+ACI-Widget C+ACI-,18
2024+AC0-02+AC0-04,+ACI-Widget A+ACI-,31
2024+AC0-02+AC0-04,+ACI-Widget B+ACI-,18
2024+AC0-02+AC0-04,+ACI-Widget C+ACI-,13
2024+AC0-02+AC0-05,+ACI-Widget A+ACI-,15
2024+AC0-02+AC0-05,+ACI-Widget B+ACI-,22
2024+AC0-02+AC0-05,+ACI-Widget C+ACI-,18
2024+AC0-02+AC0-06,+ACI-Widget A+ACI-,11
2024+AC0-02+AC0-06,+ACI-Widget B+ACI-,13
2024+AC0-02+AC0-06,+ACI-Widget C+ACI-,19
2024+AC0-02+AC0-07,+ACI-Widget A+ACI-,15
2024+AC0-02+AC0-07,+ACI-Widget B+ACI-,23
2024+AC0-02+AC0-07,+ACI-Widget C+ACI-,18
2024+AC0-02+AC0-08,+ACI-Widget A+ACI-,14
2024+AC0-02+AC0-08,+ACI-Widget B+ACI-,20
2024+AC0-02+AC0-08,+ACI-Widget C+ACI-,17
2024+AC0-02+AC0-09,+ACI-Widget A+ACI-,11
2024+AC0-02+AC0-09,+ACI-Widget B+ACI-,11
2024+AC0-02+AC0-09,+ACI-Widget C+ACI-,27
2024+AC0-02+AC0-10,+ACI-Widget A+ACI-,18
2024+AC0-02+AC0-10,+ACI-Widget B+ACI-,21
2024+AC0-02+AC0-10,+ACI-Widget C+ACI-,24
2024+AC0-02+AC0-11,+ACI-Widget A+ACI-,19
2024+AC0-02+AC0-11,+ACI-Widget B+ACI-,15
2024+AC0-02+AC0-11,+ACI-Widget C+ACI-,19
2024+AC0-02+AC0-12,+ACI-Widget A+ACI-,16
2024+AC0-02+AC0-12,+ACI-Widget B+ACI-,19
2024+AC0-02+AC0-12,+ACI-Widget C+ACI-,14
2024+AC0-02+AC0-13,+ACI-Widget A+ACI-,18
2024+AC0-02+AC0-13,+ACI-Widget B+ACI-,25
2024+AC0-02+AC0-13,+ACI-Widget C+ACI-,16
2024+AC0-02+AC0-14,+ACI-Widget A+ACI-,22
2024+AC0-02+AC0-14,+ACI-Widget B+ACI-,14
2024+AC0-02+AC0-14,+ACI-Widget C+ACI-,22
2024+AC0-02+AC0-15,+ACI-Widget A+ACI-,12
2024+AC0-02+AC0-15,+ACI-Widget B+ACI-,17
2024+AC0-02+AC0-15,+ACI-Widget C+ACI-,18
2024+AC0-02+AC0-16,+ACI-Widget A+ACI-,17
2024+AC0-02+AC0-16,+ACI-Widget B+ACI-,22
2024+AC0-02+AC0-16,+ACI-Widget C+ACI-,16
2024+AC0-02+AC0-17,+ACI-Widget A+ACI-,13
2024+AC0-02+AC0-17,+ACI-Widget B+ACI-,15
2024+AC0-02+AC0-17,+ACI-Widget C+ACI-,20
2024+AC0-02+AC0-18,+ACI-Widget A+ACI-,16
2024+AC0-02+AC0-18,+ACI-Widget B+ACI-,18
2024+AC0-02+AC0-18,+ACI-Widget C+ACI-,18
2024+AC0-02+AC0-19,+ACI-Widget A+ACI-,16
2024+AC0-02+AC0-19,+ACI-Widget B+ACI-,18
2024+AC0-02+AC0-19,+ACI-Widget C+ACI-,18
2024+AC0-02+AC0-20,+ACI-Widget A+ACI-,19
2024+AC0-02+AC0-20,+ACI-Widget B+ACI-,18
2024+AC0-02+AC0-20,+ACI-Widget C+ACI-,15
2024+AC0-02+AC0-21,+ACI-Widget A+ACI-,17
2024+AC0-02+AC0-21,+ACI-Widget B+ACI-,18
2024+AC0-02+AC0-21,+ACI-Widget C+ACI-,12
2024+AC0-02+AC0-22,+ACI-Widget A+ACI-,26
2024+AC0-02+AC0-22,+ACI-Widget B+ACI-,17
2024+AC0-02+AC0-22,+ACI-Widget C+ACI-,13
2024+AC0-02+AC0-23,+ACI-Widget A+ACI-,22
2024+AC0-02+AC0-23,+ACI-Widget B+ACI-,16
2024+AC0-02+AC0-23,+ACI-Widget C+ACI-,25
2024+AC0-02+AC0-24,+ACI-Widget A+ACI-,13
2024+AC0-02+AC0-24,+ACI-Widget B+ACI-,22
2024+AC0-02+AC0-24,+ACI-Widget C+ACI-,20
2024+AC0-02+AC0-25,+ACI-Widget A+ACI-,16
2024+AC0-02+AC0-25,+ACI-Widget B+ACI-,20
2024+AC0-02+AC0-25,+ACI-Widget C+ACI-,13
2024+AC0-02+AC0-26,+ACI-Widget A+ACI-,21
2024+AC0-02+AC0-26,+ACI-Widget B+ACI-,19
2024+AC0-02+AC0-26,+ACI-Widget C+ACI-,10
2024+AC0-02+AC0-27,+ACI-Widget A+ACI-,10
2024+AC0-02+AC0-27,+ACI-Widget B+ACI-,14
2024+AC0-02+AC0-27,+ACI-Widget C+ACI-,17
2024+AC0-02+AC0-28,+ACI-Widget A+ACI-,8
2024+AC0-02+AC0-28,+ACI-Widget B+ACI-,15
2024+AC0-02+AC0-28,+ACI-Widget C+ACI-,15
2024+AC0-02+AC0-29,+ACI-Widget A+ACI-,13
2024+AC0-02+AC0-29,+ACI-Widget B+ACI-,15
2024+AC0-02+AC0-29,+ACI-Widget C+ACI-,15
2024+AC0-03+AC0-01,+ACI-Widget A+ACI-,15
2024+AC0-03+AC0-01,+ACI-Widget B+ACI-,22
2024+AC0-03+AC0-01,+ACI-Widget C+ACI-,15
2024+AC0-03+AC0-02,+ACI-Widget A+ACI-,16
2024+AC0-03+AC0-02,+ACI-Widget B+ACI-,19
2024+AC0-03+AC0-02,+ACI-Widget C+ACI-,7
2024+AC0-03+AC0-03,+ACI-Widget A+ACI-,21
2024+AC0-03+AC0-03,+ACI-Widget B+ACI-,13
2024+AC0-03+AC0-03,+ACI-Widget C+ACI-,14
2024+AC0-03+AC0-04,+ACI-Widget A+ACI-,21
2024+AC0-03+AC0-04,+ACI-Widget B+ACI-,16
2024+AC0-03+AC0-04,+ACI-Widget C+ACI-,10
2024+AC0-03+AC0-05,+ACI-Widget A+ACI-,15
2024+AC0-03+AC0-05,+ACI-Widget B+ACI-,19
2024+AC0-03+AC0-05,+ACI-Widget C+ACI-,14
2024+AC0-03+AC0-06,+ACI-Widget A+ACI-,20
2024+AC0-03+AC0-06,+ACI-Widget B+ACI-,26
2024+AC0-03+AC0-06,+ACI-Widget C+ACI-,15
2024+AC0-03+AC0-07,+ACI-Widget A+ACI-,14
2024+AC0-03+AC0-07,+ACI-Widget B+ACI-,18
2024+AC0-03+AC0-07,+ACI-Widget C+ACI-,13
2024+AC0-03+AC0-08,+ACI-Widget A+ACI-,16
2024+AC0-03+AC0-08,+ACI-Widget B+ACI-,18
2024+AC0-03+AC0-08,+ACI-Widget C+ACI-,10
2024+AC0-03+AC0-09,+ACI-Widget A+ACI-,17
2024+AC0-03+AC0-09,+ACI-Widget B+ACI-,20
2024+AC0-03+AC0-09,+ACI-Widget C+ACI-,14
2024+AC0-03+AC0-10,+ACI-Widget A+ACI-,11
2024+AC0-03+AC0-10,+ACI-Widget B+ACI-,15
2024+AC0-03+AC0-10,+ACI-Widget C+ACI-,10
2024+AC0-03+AC0-11,+ACI-Widget A+ACI-,14
2024+AC0-03+AC0-11,+ACI-Widget B+ACI-,26
2024+AC0-03+AC0-11,+ACI-Widget C+ACI-,18
2024+AC0-03+AC0-12,+ACI-Widget A+ACI-,11
2024+AC0-03+AC0-12,+ACI-Widget B+ACI-,11
2024+AC0-03+AC0-12,+ACI-Widget C+ACI-,20
2024+AC0-03+AC0-13,+ACI-Widget A+ACI-,19
2024+AC0-03+AC0-13,+ACI-Widget B+ACI-,20
2024+AC0-03+AC0-13,+ACI-Widget C+ACI-,14
2024+AC0-03+AC0-14,+ACI-Widget A+ACI-,9
2024+AC0-03+AC0-14,+ACI-Widget B+ACI-,19
2024+AC0-03+AC0-14,+ACI-Widget C+ACI-,24
2024+AC0-03+AC0-15,+ACI-Widget A+ACI-,11
2024+AC0-03+AC0-15,+ACI-Widget B+ACI-,17
2024+AC0-03+AC0-15,+ACI-Widget C+ACI-,19
2024+AC0-03+AC0-16,+ACI-Widget A+ACI-,15
2024+AC0-03+AC0-16,+ACI-Widget B+ACI-,21
2024+AC0-03+AC0-16,+ACI-Widget C+ACI-,14
2024+AC0-03+AC0-17,+ACI-Widget A+ACI-,10
2024+AC0-03+AC0-17,+ACI-Widget B+ACI-,17
2024+AC0-03+AC0-17,+ACI-Widget C+ACI-,14
2024+AC0-03+AC0-18,+ACI-Widget A+ACI-,9
2024+AC0-03+AC0-18,+ACI-Widget B+ACI-,16
2024+AC0-03+AC0-18,+ACI-Widget C+ACI-,7
2024+AC0-03+AC0-19,+ACI-Widget A+ACI-,19
2024+AC0-03+AC0-19,+ACI-Widget B+ACI-,25
2024+AC0-03+AC0-19,+ACI-Widget C+ACI-,13
2024+AC0-03+AC0-20,+ACI-Widget A+ACI-,9
2024+AC0-03+AC0-20,+ACI-Widget B+ACI-,19
2024+AC0-03+AC0-20,+ACI-Widget C+ACI-,15
2024+AC0-03+AC0-21,+ACI-Widget A+ACI-,18
2024+AC0-03+AC0-21,+ACI-Widget B+ACI-,15
2024+AC0-03+AC0-21,+ACI-Widget C+ACI-,22
2024+AC0-03+AC0-22,+ACI-Widget A+ACI-,17
2024+AC0-03+AC0-22,+ACI-Widget B+ACI-,19
2024+AC0-03+AC0-22,+ACI-Widget C+ACI-,14
2024+AC0-03+AC0-23,+ACI-Widget A+ACI-,12
2024+AC0-03+AC0-23,+ACI-Widget B+ACI-,14
2024+AC0-03+AC0-23,+ACI-Widget C+ACI-,14
2024+AC0-03+AC0-24,+ACI-Widget A+ACI-,18
2024+AC0-03+AC0-24,+ACI-Widget B+ACI-,15
2024+AC0-03+AC0-24,+ACI-Widget C+ACI-,18
2024+AC0-03+AC0-25,+ACI-Widget A+ACI-,12
2024+AC0-03+AC0-25,+ACI-Widget B+ACI-,19
2024+AC0-03+AC0-25,+ACI-Widget C+ACI-,15
2024+AC0-03+AC0-26,+ACI-Widget A+ACI-,16
2024+AC0-03+AC0-26,+ACI-Widget B+ACI-,20
2024+AC0-03+AC0-26,+ACI-Widget C+ACI-,17
2024+AC0-03+AC0-27,+ACI-Widget A+ACI-,15
2024+AC0-03+AC0-27,+ACI-Widget B+ACI-,13
2024+AC0-03+AC0-27,+ACI-Widget C+ACI-,11
2024+AC0-03+AC0-28,+ACI-Widget A+ACI-,19
2024+AC0-03+AC0-28,+ACI-Widget B+ACI-,13
2024+AC0-03+AC0-28,+ACI-Widget C+ACI-,16
2024+AC0-03+AC0-29,+ACI-Widget A+ACI-,11
2024+AC0-03+AC0-29,+ACI-Widget B+ACI-,11
2024+AC0-03+AC0-29,+ACI-Widget C+ACI-,15
2024+AC0-03+AC0-30,+ACI-Widget A+ACI-,14
2024+AC0-03+AC0-30,+ACI-Widget B+ACI-,13
2024+AC0-03+AC0-30,+ACI-Widget C+ACI-,19
2024+AC0-03+AC0-31,+ACI-Widget A+ACI-,10
2024+AC0-03+AC0-31,+ACI-Widget B+ACI-,19
2024+AC0-03+AC0-31,+ACI-Widget C+ACI-,25
2024+AC0-04+AC0-01,+ACI-Widget A+ACI-,14
2024+AC0-04+AC0-01,+ACI-Widget B+ACI-,20
2024+AC0-04+AC0-01,+ACI-Widget C+ACI-,14
2024+AC0-04+AC0-02,+ACI-Widget A+ACI-,20
2024+AC0-04+AC0-02,+ACI-Widget B+ACI-,18
2024+AC0-04+AC0-02,+ACI-Widget C+ACI-,13
2024+AC0-04+AC0-03,+ACI-Widget A+ACI-,12
2024+AC0-04+AC0-03,+ACI-Widget B+ACI-,18
2024+AC0-04+AC0-03,+ACI-Widget C+ACI-,24
2024+AC0-04+AC0-04,+ACI-Widget A+ACI-,17
2024+AC0-04+AC0-04,+ACI-Widget B+ACI-,13
2024+AC0-04+AC0-04,+ACI-Widget C+ACI-,6
2024+AC0-04+AC0-05,+ACI-Widget A+ACI-,11
2024+AC0-04+AC0-05,+ACI-Widget B+ACI-,9
2024+AC0-04+AC0-05,+ACI-Widget C+ACI-,18
2024+AC0-04+AC0-06,+ACI-Widget A+ACI-,17
2024+AC0-04+AC0-06,+ACI-Widget B+ACI-,20
2024+AC0-04+AC0-06,+ACI-Widget C+ACI-,15
2024+AC0-04+AC0-07,+ACI-Widget A+ACI-,13
2024+AC0-04+AC0-07,+ACI-Widget B+ACI-,16
2024+AC0-04+AC0-07,+ACI-Widget C+ACI-,9
2024+AC0-04+AC0-08,+ACI-Widget A+ACI-,17
2024+AC0-04+AC0-08,+ACI-Widget B+ACI-,6
2024+AC0-04+AC0-08,+ACI-Widget C+ACI-,17
2024+AC0-04+AC0-09,+ACI-Widget A+ACI-,12
2024+AC0-04+AC0-09,+ACI-Widget B+ACI-,12
2024+AC0-04+AC0-09,+ACI-Widget C+ACI-,8
2024+AC0-04+AC0-10,+ACI-Widget A+ACI-,18
2024+AC0-04+AC0-10,+ACI-Widget B+ACI-,13
2024+AC0-04+AC0-10,+ACI-Widget C+ACI-,10
2024+AC0-04+AC0-11,+ACI-Widget A+ACI-,12
2024+AC0-04+AC0-11,+ACI-Widget B+ACI-,16
2024+AC0-04+AC0-11,+ACI-Widget C+ACI-,13
2024+AC0-04+AC0-12,+ACI-Widget A+ACI-,18
2024+AC0-04+AC0-12,+ACI-Widget B+ACI-,13
2024+AC0-04+AC0-12,+ACI-Widget C+ACI-,13
2024+AC0-04+AC0-13,+ACI-Widget A+ACI-,18
2024+AC0-04+AC0-13,+ACI-Widget B+ACI-,12
2024+AC0-04+AC0-13,+ACI-Widget C+ACI-,18
2024+AC0-04+AC0-14,+ACI-Widget A+ACI-,16
2024+AC0-04+AC0-14,+ACI-Widget B+ACI-,14
2024+AC0-04+AC0-14,+ACI-Widget C+ACI-,30
2024+AC0-04+AC0-15,+ACI-Widget A+ACI-,8
2024+AC0-04+AC0-15,+ACI-Widget B+ACI-,12
2024+AC0-04+AC0-15,+ACI-Widget C+ACI-,19
2024+AC0-04+AC0-16,+ACI-Widget A+ACI-,18
2024+AC0-04+AC0-16,+ACI-Widget B+ACI-,19
2024+AC0-04+AC0-16,+ACI-Widget C+ACI-,18
2024+AC0-04+AC0-17,+ACI-Widget A+ACI-,12
2024+AC0-04+AC0-17,+ACI-Widget B+ACI-,7
2024+AC0-04+AC0-17,+ACI-Widget C+ACI-,17
2024+AC0-04+AC0-18,+ACI-Widget A+ACI-,22
2024+AC0-04+AC0-18,+ACI-Widget B+ACI-,11
2024+AC0-04+AC0-18,+ACI-Widget C+ACI-,16
2024+AC0-04+AC0-19,+ACI-Widget A+ACI-,14
2024+AC0-04+AC0-19,+ACI-Widget B+ACI-,13
2024+AC0-04+AC0-19,+ACI-Widget C+ACI-,21
2024+AC0-04+AC0-20,+ACI-Widget A+ACI-,16
2024+AC0-04+AC0-20,+ACI-Widget B+ACI-,15
2024+AC0-04+AC0-20,+ACI-Widget C+ACI-,14
2024+AC0-04+AC0-21,+ACI-Widget A+ACI-,13
2024+AC0-04+AC0-21,+ACI-Widget B+ACI-,22
2024+AC0-04+AC0-21,+ACI-Widget C+ACI-,17
2024+AC0-04+AC0-22,+ACI-Widget A+ACI-,9
2024+AC0-04+AC0-22,+ACI-Widget B+ACI-,8
2024+AC0-04+AC0-22,+ACI-Widget C+ACI-,20
2024+AC0-04+AC0-23,+ACI-Widget A+ACI-,10
2024+AC0-04+AC0-23,+ACI-Widget B+ACI-,14
2024+AC0-04+AC0-23,+ACI-Widget C+ACI-,12
2024+AC0-04+AC0-24,+ACI-Widget A+ACI-,24
2024+AC0-04+AC0-24,+ACI-Widget B+ACI-,14
2024+AC0-04+AC0-24,+ACI-Widget C+ACI-,15
2024+AC0-04+AC0-25,+ACI-Widget A+ACI-,16
2024+AC0-04+AC0-25,+ACI-Widget B+ACI-,15
2024+AC0-04+AC0-25,+ACI-Widget C+ACI-,11
2024+AC0-04+AC0-26,+ACI-Widget A+ACI-,12
2024+AC0-04+AC0-26,+ACI-Widget B+ACI-,10
2024+AC0-04+AC0-26,+ACI-Widget C+ACI-,16
2024+AC0-04+AC0-27,+ACI-Widget A+ACI-,9
2024+AC0-04+AC0-27,+ACI-Widget B+ACI-,9
2024+AC0-04+AC0-27,+ACI-Widget C+ACI-,14
2024+AC0-04+AC0-28,+ACI-Widget A+ACI-,15
2024+AC0-04+AC0-28,+ACI-Widget B+ACI-,13
2024+AC0-04+AC0-28,+ACI-Widget C+ACI-,19
2024+AC0-04+AC0-29,+ACI-Widget A+ACI-,15
2024+AC0-04+AC0-29,+ACI-Widget B+ACI-,16
2024+AC0-04+AC0-29,+ACI-Widget C+ACI-,17
2024+AC0-04+AC0-30,+ACI-Widget A+ACI-,16
2024+AC0-04+AC0-30,+ACI-Widget B+ACI-,13
2024+AC0-04+AC0-30,+ACI-Widget C+ACI-,14
2024+AC0-05+AC0-01,+ACI-Widget A+ACI-,17
2024+AC0-05+AC0-01,+ACI-Widget B+ACI-,19
2024+AC0-05+AC0-01,+ACI-Widget C+ACI-,11
2024+AC0-05+AC0-02,+ACI-Widget A+ACI-,20
2024+AC0-05+AC0-02,+ACI-Widget B+ACI-,15
2024+AC0-05+AC0-02,+ACI-Widget C+ACI-,13
2024+AC0-05+AC0-03,+ACI-Widget A+ACI-,14
2024+AC0-05+AC0-03,+ACI-Widget B+ACI-,14
2024+AC0-05+AC0-03,+ACI-Widget C+ACI-,26
2024+AC0-05+AC0-04,+ACI-Widget A+ACI-,13
2024+AC0-05+AC0-04,+ACI-Widget B+ACI-,16
2024+AC0-05+AC0-04,+ACI-Widget C+ACI-,13
2024+AC0-05+AC0-05,+ACI-Widget A+ACI-,12
2024+AC0-05+AC0-05,+ACI-Widget B+ACI-,19
2024+AC0-05+AC0-05,+ACI-Widget C+ACI-,13
2024+AC0-05+AC0-06,+ACI-Widget A+ACI-,16
2024+AC0-05+AC0-06,+ACI-Widget B+ACI-,19
2024+AC0-05+AC0-06,+ACI-Widget C+ACI-,20
2024+AC0-05+AC0-07,+ACI-Widget A+ACI-,11
2024+AC0-05+AC0-07,+ACI-Widget B+ACI-,12
2024+AC0-05+AC0-07,+ACI-Widget C+ACI-,22
2024+AC0-05+AC0-08,+ACI-Widget A+ACI-,23
2024+AC0-05+AC0-08,+ACI-Widget B+ACI-,18
2024+AC0-05+AC0-08,+ACI-Widget C+ACI-,14
2024+AC0-05+AC0-09,+ACI-Widget A+ACI-,13
2024+AC0-05+AC0-09,+ACI-Widget B+ACI-,21
2024+AC0-05+AC0-09,+ACI-Widget C+ACI-,10
2024+AC0-05+AC0-10,+ACI-Widget A+ACI-,18
2024+AC0-05+AC0-10,+ACI-Widget B+ACI-,19
2024+AC0-05+AC0-10,+ACI-Widget C+ACI-,13
2024+AC0-05+AC0-11,+ACI-Widget A+ACI-,12
2024+AC0-05+AC0-11,+ACI-Widget B+ACI-,13
2024+AC0-05+AC0-11,+ACI-Widget C+ACI-,17
2024+AC0-05+AC0-12,+ACI-Widget A+ACI-,14
2024+AC0-05+AC0-12,+ACI-Widget B+ACI-,12
2024+AC0-05+AC0-12,+ACI-Widget C+ACI-,21
2024+AC0-05+AC0-13,+ACI-Widget A+ACI-,12
2024+AC0-05+AC0-13,+ACI-Widget B+ACI-,13
2024+AC0-05+AC0-13,+ACI-Widget C+ACI-,15
2024+AC0-05+AC0-14,+ACI-Widget A+ACI-,19
2024+AC0-05+AC0-14,+ACI-Widget B+ACI-,13
2024+AC0-05+AC0-14,+ACI-Widget C+ACI-,19
2024+AC0-05+AC0-15,+ACI-Widget A+ACI-,22
2024+AC0-05+AC0-15,+ACI-Widget B+ACI-,23
2024+AC0-05+AC0-15,+ACI-Widget C+ACI-,20
2024+AC0-05+AC0-16,+ACI-Widget A+ACI-,11
2024+AC0-05+AC0-16,+ACI-Widget B+ACI-,15
2024+AC0-05+AC0-16,+ACI-Widget C+ACI-,17
2024+AC0-05+AC0-17,+ACI-Widget A+ACI-,16
2024+AC0-05+AC0-17,+ACI-Widget B+ACI-,22
2024+AC0-05+AC0-17,+ACI-Widget C+ACI-,17
2024+AC0-05+AC0-18,+ACI-Widget A+ACI-,14
2024+AC0-05+AC0-18,+ACI-Widget B+ACI-,19
2024+AC0-05+AC0-18,+ACI-Widget C+ACI-,16
2024+AC0-05+AC0-19,+ACI-Widget A+ACI-,19
2024+AC0-05+AC0-19,+ACI-Widget B+ACI-,28
2024+AC0-05+AC0-19,+ACI-Widget C+ACI-,16
2024+AC0-05+AC0-20,+ACI-Widget A+ACI-,17
2024+AC0-05+AC0-20,+ACI-Widget B+ACI-,13
2024+AC0-05+AC0-20,+ACI-Widget C+ACI-,9
2024+AC0-05+AC0-21,+ACI-Widget A+ACI-,17
2024+AC0-05+AC0-21,+ACI-Widget B+ACI-,14
2024+AC0-05+AC0-21,+ACI-Widget C+ACI-,21
2024+AC0-05+AC0-22,+ACI-Widget A+ACI-,21
2024+AC0-05+AC0-22,+ACI-Widget B+ACI-,14
2024+AC0-05+AC0-22,+ACI-Widget C+ACI-,8
2024+AC0-05+AC0-23,+ACI-Widget A+ACI-,12
2024+AC0-05+AC0-23,+ACI-Widget B+ACI-,11
2024+AC0-05+AC0-23,+ACI-Widget C+ACI-,13
2024+AC0-05+AC0-24,+ACI-Widget A+ACI-,11
2024+AC0-05+AC0-24,+ACI-Widget B+ACI-,12
2024+AC0-05+AC0-24,+ACI-Widget C+ACI-,12
2024+AC0-05+AC0-25,+ACI-Widget A+ACI-,11
2024+AC0-05+AC0-25,+ACI-Widget B+ACI-,13
2024+AC0-05+AC0-25,+ACI-Widget C+ACI-,19
2024+AC0-05+AC0-26,+ACI-Widget A+ACI-,11
2024+AC0-05+AC0-26,+ACI-Widget B+ACI-,16
2024+AC0-05+AC0-26,+ACI-Widget C+ACI-,13
2024+AC0-05+AC0-27,+ACI-Widget A+ACI-,7
2024+AC0-05+AC0-27,+ACI-Widget B+ACI-,19
2024+AC0-05+AC0-27,+ACI-Widget C+ACI-,13
2024+AC0-05+AC0-28,+ACI-Widget A+ACI-,12
2024+AC0-05+AC0-28,+ACI-Widget B+ACI-,20
2024+AC0-05+AC0-28,+ACI-Widget C+ACI-,16
2024+AC0-05+AC0-29,+ACI-Widget A+ACI-,15
2024+AC0-05+AC0-29,+ACI-Widget B+ACI-,12
2024+AC0-05+AC0-29,+ACI-Widget C+ACI-,25
2024+AC0-05+AC0-30,+ACI-Widget A+ACI-,18
2024+AC0-05+AC0-30,+ACI-Widget B+ACI-,14
2024+AC0-05+AC0-30,+ACI-Widget C+ACI-,12
2024+AC0-05+AC0-31,+ACI-Widget A+ACI-,11
2024+AC0-05+AC0-31,+ACI-Widget B+ACI-,20
2024+AC0-05+AC0-31,+ACI-Widget C+ACI-,17
2024+AC0-06+AC0-01,+ACI-Widget A+ACI-,16
2024+AC0-06+AC0-01,+ACI-Widget B+ACI-,16
2024+AC0-06+AC0-01,+ACI-Widget C+ACI-,18
2024+AC0-06+AC0-02,+ACI-Widget A+ACI-,14
2024+AC0-06+AC0-02,+ACI-Widget B+ACI-,20
2024+AC0-06+AC0-02,+ACI-Widget C+ACI-,17
2024+AC0-06+AC0-03,+ACI-Widget A+ACI-,23
2024+AC0-06+AC0-03,+ACI-Widget B+ACI-,13
2024+AC0-06+AC0-03,+ACI-Widget C+ACI-,16
2024+AC0-06+AC0-04,+ACI-Widget A+ACI-,20
2024+AC0-06+AC0-04,+ACI-Widget B+ACI-,17
2024+AC0-06+AC0-04,+ACI-Widget C+ACI-,20
2024+AC0-06+AC0-05,+ACI-Widget A+ACI-,17
2024+AC0-06+AC0-05,+ACI-Widget B+ACI-,6
2024+AC0-06+AC0-05,+ACI-Widget C+ACI-,19
2024+AC0-06+AC0-06,+ACI-Widget A+ACI-,15
2024+AC0-06+AC0-06,+ACI-Widget B+ACI-,17
2024+AC0-06+AC0-06,+ACI-Widget C+ACI-,12
2024+AC0-06+AC0-07,+ACI-Widget A+ACI-,19
2024+AC0-06+AC0-07,+ACI-Widget B+ACI-,22
2024+AC0-06+AC0-07,+ACI-Widget C+ACI-,25
2024+AC0-06+AC0-08,+ACI-Widget A+ACI-,10
2024+AC0-06+AC0-08,+ACI-Widget B+ACI-,21
2024+AC0-06+AC0-08,+ACI-Widget C+ACI-,16
2024+AC0-06+AC0-09,+ACI-Widget A+ACI-,25
2024+AC0-06+AC0-09,+ACI-Widget B+ACI-,18
2024+AC0-06+AC0-09,+ACI-Widget C+ACI-,21
2024+AC0-06+AC0-10,+ACI-Widget A+ACI-,19
2024+AC0-06+AC0-10,+ACI-Widget B+ACI-,16
2024+AC0-06+AC0-10,+ACI-Widget C+ACI-,15
2024+AC0-06+AC0-11,+ACI-Widget A+ACI-,9
2024+AC0-06+AC0-11,+ACI-Widget B+ACI-,12
2024+AC0-06+AC0-11,+ACI-Widget C+ACI-,14
2024+AC0-06+AC0-12,+ACI-Widget A+ACI-,16
2024+AC0-06+AC0-12,+ACI-Widget B+ACI-,21
2024+AC0-06+AC0-12,+ACI-Widget C+ACI-,21
2024+AC0-06+AC0-13,+ACI-Widget A+ACI-,16
2024+AC0-06+AC0-13,+ACI-Widget B+ACI-,14
2024+AC0-06+AC0-13,+ACI-Widget C+ACI-,16
2024+AC0-06+AC0-14,+ACI-Widget A+ACI-,11
2024+AC0-06+AC0-14,+ACI-Widget B+ACI-,15
2024+AC0-06+AC0-14,+ACI-Widget C+ACI-,19
2024+AC0-06+AC0-15,+ACI-Widget A+ACI-,16
2024+AC0-06+AC0-15,+ACI-Widget B+ACI-,22
2024+AC0-06+AC0-15,+ACI-Widget C+ACI-,17
2024+AC0-06+AC0-16,+ACI-Widget A+ACI-,22
2024+AC0-06+AC0-16,+ACI-Widget B+ACI-,12
2024+AC0-06+AC0-16,+ACI-Widget C+ACI-,21
2024+AC0-06+AC0-17,+ACI-Widget A+ACI-,18
2024+AC0-06+AC0-17,+ACI-Widget B+ACI-,13
2024+AC0-06+AC0-17,+ACI-Widget C+ACI-,17
2024+AC0-06+AC0-18,+ACI-Widget A+ACI-,8
2024+AC0-06+AC0-18,+ACI-Widget B+ACI-,13
2024+AC0-06+AC0-18,+ACI-Widget C+ACI-,16
2024+AC0-06+AC0-19,+ACI-Widget A+ACI-,23
2024+AC0-06+AC0-19,+ACI-Widget B+ACI-,15
2024+AC0-06+AC0-19,+ACI-Widget C+ACI-,13
2024+AC0-06+AC0-20,+ACI-Widget A+ACI-,18
2024+AC0-06+AC0-20,+ACI-Widget B+ACI-,16
2024+AC0-06+AC0-20,+ACI-Widget C+ACI-,23
2024+AC0-06+AC0-21,+ACI-Widget A+ACI-,23
2024+AC0-06+AC0-21,+ACI-Widget B+ACI-,25
2024+AC0-06+AC0-21,+ACI-Widget C+ACI-,17
2024+AC0-06+AC0-22,+ACI-Widget A+ACI-,13
2024+AC0-06+AC0-22,+ACI-Widget B+ACI-,21
2024+AC0-06+AC0-22,+ACI-Widget C+ACI-,17
2024+AC0-06+AC0-23,+ACI-Widget A+ACI-,21
2024+AC0-06+AC0-23,+ACI-Widget B+ACI-,16
2024+AC0-06+AC0-23,+ACI-Widget C+ACI-,24
2024+AC0-06+AC0-24,+ACI-Widget A+ACI-,16
2024+AC0-06+AC0-24,+ACI-Widget B+ACI-,17
2024+AC0-06+AC0-24,+ACI-Widget C+ACI-,19
2024+AC0-06+AC0-25,+ACI-Widget A+ACI-,12
2024+AC0-06+AC0-25,+ACI-Widget B+ACI-,18
2024+AC0-06+AC0-25,+ACI-Widget C+ACI-,31
2024+AC0-06+AC0-26,+ACI-Widget A+ACI-,25
2024+AC0-06+AC0-26,+ACI-Widget B+ACI-,20
2024+AC0-06+AC0-26,+ACI-Widget C+ACI-,22
2024+AC0-06+AC0-27,+ACI-Widget A+ACI-,14
2024+AC0-06+AC0-27,+ACI-Widget B+ACI-,19
2024+AC0-06+AC0-27,+ACI-Widget C+ACI-,23
2024+AC0-06+AC0-28,+ACI-Widget A+ACI-,22
2024+AC0-06+AC0-28,+ACI-Widget B+ACI-,17
2024+AC0-06+AC0-28,+ACI-Widget C+ACI-,30
2024+AC0-06+AC0-29,+ACI-Widget A+ACI-,20
2024+AC0-06+AC0-29,+ACI-Widget B+ACI-,29
2024+AC0-06+AC0-29,+ACI-Widget C+ACI-,19
2024+AC0-06+AC0-30,+ACI-Widget A+ACI-,22
2024+AC0-06+AC0-30,+ACI-Widget B+ACI-,15
2024+AC0-06+AC0-30,+ACI-Widget C+ACI-,18
2024+AC0-07+AC0-01,+ACI-Widget A+ACI-,11
2024+AC0-07+AC0-01,+ACI-Widget B+ACI-,11
2024+AC0-07+AC0-01,+ACI-Widget C+ACI-,14
2024+AC0-07+AC0-02,+ACI-Widget A+ACI-,35
2024+AC0-07+AC0-02,+ACI-Widget B+ACI-,27
2024+AC0-07+AC0-02,+ACI-Widget C+ACI-,9
2024+AC0-07+AC0-03,+ACI-Widget A+ACI-,14
2024+AC0-07+AC0-03,+ACI-Widget B+ACI-,21
2024+AC0-07+AC0-03,+ACI-Widget C+ACI-,16
2024+AC0-07+AC0-04,+ACI-Widget A+ACI-,18
2024+AC0-07+AC0-04,+ACI-Widget B+ACI-,15
2024+AC0-07+AC0-04,+ACI-Widget C+ACI-,11
2024+AC0-07+AC0-05,+ACI-Widget A+ACI-,12
2024+AC0-07+AC0-05,+ACI-Widget B+ACI-,22
2024+AC0-07+AC0-05,+ACI-Widget C+ACI-,14
2024+AC0-07+AC0-06,+ACI-Widget A+ACI-,19
2024+AC0-07+AC0-06,+ACI-Widget B+ACI-,24
2024+AC0-07+AC0-06,+ACI-Widget C+ACI-,14
2024+AC0-07+AC0-07,+ACI-Widget A+ACI-,20
2024+AC0-07+AC0-07,+ACI-Widget B+ACI-,20
2024+AC0-07+AC0-07,+ACI-Widget C+ACI-,15
2024+AC0-07+AC0-08,+ACI-Widget A+ACI-,19
2024+AC0-07+AC0-08,+ACI-Widget B+ACI-,22
2024+AC0-07+AC0-08,+ACI-Widget C+ACI-,18
2024+AC0-07+AC0-09,+ACI-Widget A+ACI-,21
2024+AC0-07+AC0-09,+ACI-Widget B+ACI-,23
2024+AC0-07+AC0-09,+ACI-Widget C+ACI-,18
2024+AC0-07+AC0-10,+ACI-Widget A+ACI-,19
2024+AC0-07+AC0-10,+ACI-Widget B+ACI-,25
2024+AC0-07+AC0-10,+ACI-Widget C+ACI-,25
2024+AC0-07+AC0-11,+ACI-Widget A+ACI-,24
2024+AC0-07+AC0-11,+ACI-Widget B+ACI-,25
2024+AC0-07+AC0-11,+ACI-Widget C+ACI-,22
2024+AC0-07+AC0-12,+ACI-Widget A+ACI-,24
2024+AC0-07+AC0-12,+ACI-Widget B+ACI-,18
2024+AC0-07+AC0-12,+ACI-Widget C+ACI-,21
2024+AC0-07+AC0-13,+ACI-Widget A+ACI-,19
2024+AC0-07+AC0-13,+ACI-Widget B+ACI-,25
2024+AC0-07+AC0-13,+ACI-Widget C+ACI-,20
2024+AC0-07+AC0-14,+ACI-Widget A+ACI-,16
2024+AC0-07+AC0-14,+ACI-Widget B+ACI-,25
2024+AC0-07+AC0-14,+ACI-Widget C+ACI-,22
2024+AC0-07+AC0-15,+ACI-Widget A+ACI-,18
2024+AC0-07+AC0-15,+ACI-Widget B+ACI-,16
2024+AC0-07+AC0-15,+ACI-Widget C+ACI-,19
2024+AC0-07+AC0-16,+ACI-Widget A+ACI-,19
2024+AC0-07+AC0-16,+ACI-Widget B+ACI-,21
2024+AC0-07+AC0-16,+ACI-Widget C+ACI-,12
2024+AC0-07+AC0-17,+ACI-Widget A+ACI-,25
2024+AC0-07+AC0-17,+ACI-Widget B+ACI-,15
2024+AC0-07+AC0-17,+ACI-Widget C+ACI-,24
2024+AC0-07+AC0-18,+ACI-Widget A+ACI-,15
2024+AC0-07+AC0-18,+ACI-Widget B+ACI-,21
2024+AC0-07+AC0-18,+ACI-Widget C+ACI-,20
2024+AC0-07+AC0-19,+ACI-Widget A+ACI-,21
2024+AC0-07+AC0-19,+ACI-Widget B+ACI-,19
2024+AC0-07+AC0-19,+ACI-Widget C+ACI-,13
2024+AC0-07+AC0-20,+ACI-Widget A+ACI-,24
2024+AC0-07+AC0-20,+ACI-Widget B+ACI-,16
2024+AC0-07+AC0-20,+ACI-Widget C+ACI-,22
2024+AC0-07+AC0-21,+ACI-Widget A+ACI-,20
2024+AC0-07+AC0-21,+ACI-Widget B+ACI-,21
2024+AC0-07+AC0-21,+ACI-Widget C+ACI-,15
2024+AC0-07+AC0-22,+ACI-Widget A+ACI-,19
2024+AC0-07+AC0-22,+ACI-Widget B+ACI-,23
2024+AC0-07+AC0-22,+ACI-Widget C+ACI-,16
2024+AC0-07+AC0-23,+ACI-Widget A+ACI-,25
2024+AC0-07+AC0-23,+ACI-Widget B+ACI-,14
2024+AC0-07+AC0-23,+ACI-Widget C+ACI-,23
2024+AC0-07+AC0-24,+ACI-Widget A+ACI-,19
2024+AC0-07+AC0-24,+ACI-Widget B+ACI-,19
2024+AC0-07+AC0-24,+ACI-Widget C+ACI-,26
2024+AC0-07+AC0-25,+ACI-Widget A+ACI-,22
2024+AC0-07+AC0-25,+ACI-Widget B+ACI-,12
2024+AC0-07+AC0-25,+ACI-Widget C+ACI-,21
2024+AC0-07+AC0-26,+ACI-Widget A+ACI-,22
2024+AC0-07+AC0-26,+ACI-Widget B+ACI-,23
2024+AC0-07+AC0-26,+ACI-Widget C+ACI-,17
2024+AC0-07+AC0-27,+ACI-Widget A+ACI-,20
2024+AC0-07+AC0-27,+ACI-Widget B+ACI-,21
2024+AC0-07+AC0-27,+ACI-Widget C+ACI-,19
2024+AC0-07+AC0-28,+ACI-Widget A+ACI-,26
2024+AC0-07+AC0-28,+ACI-Widget B+ACI-,23
2024+AC0-07+AC0-28,+ACI-Widget C+ACI-,21
2024+AC0-07+AC0-29,+ACI-Widget A+ACI-,19
2024+AC0-07+AC0-29,+ACI-Widget B+ACI-,18
2024+AC0-07+AC0-29,+ACI-Widget C+ACI-,19
2024+AC0-07+AC0-30,+ACI-Widget A+ACI-,14
2024+AC0-07+AC0-30,+ACI-Widget B+ACI-,21
2024+AC0-07+AC0-30,+ACI-Widget C+ACI-,22
2024+AC0-07+AC0-31,+ACI-Widget A+ACI-,16
2024+AC0-07+AC0-31,+ACI-Widget B+ACI-,23
2024+AC0-07+AC0-31,+ACI-Widget C+ACI-,13
2024+AC0-08+AC0-01,+ACI-Widget A+ACI-,15
2024+AC0-08+AC0-01,+ACI-Widget B+ACI-,30
2024+AC0-08+AC0-01,+ACI-Widget C+ACI-,20
2024+AC0-08+AC0-02,+ACI-Widget A+ACI-,21
2024+AC0-08+AC0-02,+ACI-Widget B+ACI-,20
2024+AC0-08+AC0-02,+ACI-Widget C+ACI-,20
2024+AC0-08+AC0-03,+ACI-Widget A+ACI-,25
2024+AC0-08+AC0-03,+ACI-Widget B+ACI-,39
2024+AC0-08+AC0-03,+ACI-Widget C+ACI-,24
2024+AC0-08+AC0-04,+ACI-Widget A+ACI-,24
2024+AC0-08+AC0-04,+ACI-Widget B+ACI-,12
2024+AC0-08+AC0-04,+ACI-Widget C+ACI-,20
2024+AC0-08+AC0-05,+ACI-Widget A+ACI-,19
2024+AC0-08+AC0-05,+ACI-Widget B+ACI-,21
2024+AC0-08+AC0-05,+ACI-Widget C+ACI-,21
2024+AC0-08+AC0-06,+ACI-Widget A+ACI-,23
2024+AC0-08+AC0-06,+ACI-Widget B+ACI-,27
2024+AC0-08+AC0-06,+ACI-Widget C+ACI-,26
2024+AC0-08+AC0-07,+ACI-Widget A+ACI-,23
2024+AC0-08+AC0-07,+ACI-Widget B+ACI-,23
2024+AC0-08+AC0-07,+ACI-Widget C+ACI-,24
2024+AC0-08+AC0-08,+ACI-Widget A+ACI-,14
2024+AC0-08+AC0-08,+ACI-Widget B+ACI-,15
2024+AC0-08+AC0-08,+ACI-Widget C+ACI-,11
2024+AC0-08+AC0-09,+ACI-Widget A+ACI-,21
2024+AC0-08+AC0-09,+ACI-Widget B+ACI-,17
2024+AC0-08+AC0-09,+ACI-Widget C+ACI-,12
2024+AC0-08+AC0-10,+ACI-Widget A+ACI-,30
2024+AC0-08+AC0-10,+ACI-Widget B+ACI-,36
2024+AC0-08+AC0-10,+ACI-Widget C+ACI-,24
2024+AC0-08+AC0-11,+ACI-Widget A+ACI-,30
2024+AC0-08+AC0-11,+ACI-Widget B+ACI-,16
2024+AC0-08+AC0-11,+ACI-Widget C+ACI-,15
2024+AC0-08+AC0-12,+ACI-Widget A+ACI-,31
2024+AC0-08+AC0-12,+ACI-Widget B+ACI-,19
2024+AC0-08+AC0-12,+ACI-Widget C+ACI-,22
2024+AC0-08+AC0-13,+ACI-Widget A+ACI-,22
2024+AC0-08+AC0-13,+ACI-Widget B+ACI-,22
2024+AC0-08+AC0-13,+ACI-Widget C+ACI-,19
2024+AC0-08+AC0-14,+ACI-Widget A+ACI-,17
2024+AC0-08+AC0-14,+ACI-Widget B+ACI-,25
2024+AC0-08+AC0-14,+ACI-Widget C+ACI-,14
2024+AC0-08+AC0-15,+ACI-Widget A+ACI-,20
2024+AC0-08+AC0-15,+ACI-Widget B+ACI-,18
2024+AC0-08+AC0-15,+ACI-Widget C+ACI-,17
2024+AC0-08+AC0-16,+ACI-Widget A+ACI-,22
2024+AC0-08+AC0-16,+ACI-Widget B+ACI-,27
2024+AC0-08+AC0-16,+ACI-Widget C+ACI-,20
2024+AC0-08+AC0-17,+ACI-Widget A+ACI-,21
2024+AC0-08+AC0-17,+ACI-Widget B+ACI-,15
2024+AC0-08+AC0-17,+ACI-Widget C+ACI-,19
2024+AC0-08+AC0-18,+ACI-Widget A+ACI-,21
2024+AC0-08+AC0-18,+ACI-Widget B+ACI-,26
2024+AC0-08+AC0-18,+ACI-Widget C+ACI-,23
2024+AC0-08+AC0-19,+ACI-Widget A+ACI-,17
2024+AC0-08+AC0-19,+ACI-Widget B+ACI-,27
2024+AC0-08+AC0-19,+ACI-Widget C+ACI-,19
2024+AC0-08+AC0-20,+ACI-Widget A+ACI-,28
2024+AC0-08+AC0-20,+ACI-Widget B+ACI-,23
2024+AC0-08+AC0-20,+ACI-Widget C+ACI-,23
2024+AC0-08+AC0-21,+ACI-Widget A+ACI-,18
2024+AC0-08+AC0-21,+ACI-Widget B+ACI-,24
2024+AC0-08+AC0-21,+ACI-Widget C+ACI-,17
2024+AC0-08+AC0-22,+ACI-Widget A+ACI-,24
2024+AC0-08+AC0-22,+ACI-Widget B+ACI-,22
2024+AC0-08+AC0-22,+ACI-Widget C+ACI-,30
2024+AC0-08+AC0-23,+ACI-Widget A+ACI-,29
2024+AC0-08+AC0-23,+ACI-Widget B+ACI-,24
2024+AC0-08+AC0-23,+ACI-Widget C+ACI-,20
2024+AC0-08+AC0-24,+ACI-Widget A+ACI-,23
2024+AC0-08+AC0-24,+ACI-Widget B+ACI-,21
2024+AC0-08+AC0-24,+ACI-Widget C+ACI-,19
2024+AC0-08+AC0-25,+ACI-Widget A+ACI-,20
2024+AC0-08+AC0-25,+ACI-Widget B+ACI-,33
2024+AC0-08+AC0-25,+ACI-Widget C+ACI-,18
2024+AC0-08+AC0-26,+ACI-Widget A+ACI-,28
2024+AC0-08+AC0-26,+ACI-Widget B+ACI-,25
2024+AC0-08+AC0-26,+ACI-Widget C+ACI-,20
2024+AC0-08+AC0-27,+ACI-Widget A+ACI-,17
2024+AC0-08+AC0-27,+ACI-Widget B+ACI-,21
2024+AC0-08+AC0-27,+ACI-Widget C+ACI-,27
2024+AC0-08+AC0-28,+ACI-Widget A+ACI-,31
2024+AC0-08+AC0-28,+ACI-Widget B+ACI-,27
2024+AC0-08+AC0-28,+ACI-Widget C+ACI-,25
2024+AC0-08+AC0-29,+ACI-Widget A+ACI-,24
2024+AC0-08+AC0-29,+ACI-Widget B+ACI-,20
2024+AC0-08+AC0-29,+ACI-Widget C+ACI-,27
2024+AC0-08+AC0-30,+ACI-Widget A+ACI-,17
2024+AC0-08+AC0-30,+ACI-Widget B+ACI-,30
2024+AC0-08+AC0-30,+ACI-Widget C+ACI-,30
2024+AC0-08+AC0-31,+ACI-Widget A+ACI-,35
2024+AC0-08+AC0-31,+ACI-Widget B+ACI-,23
2024+AC0-08+AC0-31,+ACI-Widget C+ACI-,19
2024+AC0-09+AC0-01,+ACI-Widget A+ACI-,21
2024+AC0-09+AC0-01,+ACI-Widget B+ACI-,18
2024+AC0-09+AC0-01,+ACI-Widget C+ACI-,21
2024+AC0-09+AC0-02,+ACI-Widget A+ACI-,26
2024+AC0-09+AC0-02,+ACI-Widget B+ACI-,21
2024+AC0-09+AC0-02,+ACI-Widget C+ACI-,33
2024+AC0-09+AC0-03,+ACI-Widget A+ACI-,27
2024+AC0-09+AC0-03,+ACI-Widget B+ACI-,31
2024+AC0-09+AC0-03,+ACI-Widget C+ACI-,23
2024+AC0-09+AC0-04,+ACI-Widget A+ACI-,22
2024+AC0-09+AC0-04,+ACI-Widget B+ACI-,19
2024+AC0-09+AC0-04,+ACI-Widget C+ACI-,25
2024+AC0-09+AC0-05,+ACI-Widget A+ACI-,30
2024+AC0-09+AC0-05,+ACI-Widget B+ACI-,26
2024+AC0-09+AC0-05,+ACI-Widget C+ACI-,28
2024+AC0-09+AC0-06,+ACI-Widget A+ACI-,22
2024+AC0-09+AC0-06,+ACI-Widget B+ACI-,21
2024+AC0-09+AC0-06,+ACI-Widget C+ACI-,35
2024+AC0-09+AC0-07,+ACI-Widget A+ACI-,17
2024+AC0-09+AC0-07,+ACI-Widget B+ACI-,23
2024+AC0-09+AC0-07,+ACI-Widget C+ACI-,23
2024+AC0-09+AC0-08,+ACI-Widget A+ACI-,22
2024+AC0-09+AC0-08,+ACI-Widget B+ACI-,26
2024+AC0-09+AC0-08,+ACI-Widget C+ACI-,22
2024+AC0-09+AC0-09,+ACI-Widget A+ACI-,28
2024+AC0-09+AC0-09,+ACI-Widget B+ACI-,23
2024+AC0-09+AC0-09,+ACI-Widget C+ACI-,25
2024+AC0-09+AC0-10,+ACI-Widget A+ACI-,22
2024+AC0-09+AC0-10,+ACI-Widget B+ACI-,19
2024+AC0-09+AC0-10,+ACI-Widget C+ACI-,19
2024+AC0-09+AC0-11,+ACI-Widget A+ACI-,17
2024+AC0-09+AC0-11,+ACI-Widget B+ACI-,23
2024+AC0-09+AC0-11,+ACI-Widget C+ACI-,20
2024+AC0-09+AC0-12,+ACI-Widget A+ACI-,28
2024+AC0-09+AC0-12,+ACI-Widget B+ACI-,23
2024+AC0-09+AC0-12,+ACI-Widget C+ACI-,26
2024+AC0-09+AC0-13,+ACI-Widget A+ACI-,28
2024+AC0-09+AC0-13,+ACI-Widget B+ACI-,30
2024+AC0-09+AC0-13,+ACI-Widget C+ACI-,19
2024+AC0-09+AC0-14,+ACI-Widget A+ACI-,23
2024+AC0-09+AC0-14,+ACI-Widget B+ACI-,14
2024+AC0-09+AC0-14,+ACI-Widget C+ACI-,24
2024+AC0-09+AC0-15,+ACI-Widget A+ACI-,22
2024+AC0-09+AC0-15,+ACI-Widget B+ACI-,13
2024+AC0-09+AC0-15,+ACI-Widget C+ACI-,18
2024+AC0-09+AC0-16,+ACI-Widget A+ACI-,16
2024+AC0-09+AC0-16,+ACI-Widget B+ACI-,19
2024+AC0-09+AC0-16,+ACI-Widget C+ACI-,33
2024+AC0-09+AC0-17,+ACI-Widget A+ACI-,21
2024+AC0-09+AC0-17,+ACI-Widget B+ACI-,24
2024+AC0-09+AC0-17,+ACI-Widget C+ACI-,21
2024+AC0-09+AC0-18,+ACI-Widget A+ACI-,27
2024+AC0-09+AC0-18,+ACI-Widget B+ACI-,22
2024+AC0-09+AC0-18,+ACI-Widget C+ACI-,12
2024+AC0-09+AC0-19,+ACI-Widget A+ACI-,19
2024+AC0-09+AC0-19,+ACI-Widget B+ACI-,35
2024+AC0-09+AC0-19,+ACI-Widget C+ACI-,28
2024+AC0-09+AC0-20,+ACI-Widget A+ACI-,27
2024+AC0-09+AC0-20,+ACI-Widget B+ACI-,16
2024+AC0-09+AC0-20,+ACI-Widget C+ACI-,22
2024+AC0-09+AC0-21,+ACI-Widget A+ACI-,25
2024+AC0-09+AC0-21,+ACI-Widget B+ACI-,22
2024+AC0-09+AC0-21,+ACI-Widget C+ACI-,21
2024+AC0-09+AC0-22,+ACI-Widget A+ACI-,25
2024+AC0-09+AC0-22,+ACI-Widget B+ACI-,21
2024+AC0-09+AC0-22,+ACI-Widget C+ACI-,29
2024+AC0-09+AC0-23,+ACI-Widget A+ACI-,23
2024+AC0-09+AC0-23,+ACI-Widget B+ACI-,25
2024+AC0-09+AC0-23,+ACI-Widget C+ACI-,18
2024+AC0-09+AC0-24,+ACI-Widget A+ACI-,18
2024+AC0-09+AC0-24,+ACI-Widget B+ACI-,32
2024+AC0-09+AC0-24,+ACI-Widget C+ACI-,27
2024+AC0-09+AC0-25,+ACI-Widget A+ACI-,27
2024+AC0-09+AC0-25,+ACI-Widget B+ACI-,34
2024+AC0-09+AC0-25,+ACI-Widget C+ACI-,14
2024+AC0-09+AC0-26,+ACI-Widget A+ACI-,24
2024+AC0-09+AC0-26,+ACI-Widget B+ACI-,24
2024+AC0-09+AC0-26,+ACI-Widget C+ACI-,38
2024+AC0-09+AC0-27,+ACI-Widget A+ACI-,30
2024+AC0-09+AC0-27,+ACI-Widget B+ACI-,22
2024+AC0-09+AC0-27,+ACI-Widget C+ACI-,26
2024+AC0-09+AC0-28,+ACI-Widget A+ACI-,24
2024+AC0-09+AC0-28,+ACI-Widget B+ACI-,26
2024+AC0-09+AC0-28,+ACI-Widget C+ACI-,22
2024+AC0-09+AC0-29,+ACI-Widget A+ACI-,26
2024+AC0-09+AC0-29,+ACI-Widget B+ACI-,21
2024+AC0-09+AC0-29,+ACI-Widget C+ACI-,35
2024+AC0-09+AC0-30,+ACI-Widget A+ACI-,24
2024+AC0-09+AC0-30,+ACI-Widget B+ACI-,23
2024+AC0-09+AC0-30,+ACI-Widget C+ACI-,18
2024+AC0-10+AC0-01,+ACI-Widget A+ACI-,26
2024+AC0-10+AC0-01,+ACI-Widget B+ACI-,29
2024+AC0-10+AC0-01,+ACI-Widget C+ACI-,23
2024+AC0-10+AC0-02,+ACI-Widget A+ACI-,18
2024+AC0-10+AC0-02,+ACI-Widget B+ACI-,24
2024+AC0-10+AC0-02,+ACI-Widget C+ACI-,32
2024+AC0-10+AC0-03,+ACI-Widget A+ACI-,20
2024+AC0-10+AC0-03,+ACI-Widget B+ACI-,20
2024+AC0-10+AC0-03,+ACI-Widget C+ACI-,22
2024+AC0-10+AC0-04,+ACI-Widget A+ACI-,13
2024+AC0-10+AC0-04,+ACI-Widget B+ACI-,29
2024+AC0-10+AC0-04,+ACI-Widget C+ACI-,34
2024+AC0-10+AC0-05,+ACI-Widget A+ACI-,21
2024+AC0-10+AC0-05,+ACI-Widget B+ACI-,26
2024+AC0-10+AC0-05,+ACI-Widget C+ACI-,29
2024+AC0-10+AC0-06,+ACI-Widget A+ACI-,19
2024+AC0-10+AC0-06,+ACI-Widget B+ACI-,26
2024+AC0-10+AC0-06,+ACI-Widget C+ACI-,24
2024+AC0-10+AC0-07,+ACI-Widget A+ACI-,20
2024+AC0-10+AC0-07,+ACI-Widget B+ACI-,23
2024+AC0-10+AC0-07,+ACI-Widget C+ACI-,24
2024+AC0-10+AC0-08,+ACI-Widget A+ACI-,24
2024+AC0-10+AC0-08,+ACI-Widget B+ACI-,31
2024+AC0-10+AC0-08,+ACI-Widget C+ACI-,25
2024+AC0-10+AC0-09,+ACI-Widget A+ACI-,26
2024+AC0-10+AC0-09,+ACI-Widget B+ACI-,25
2024+AC0-10+AC0-09,+ACI-Widget C+ACI-,19
2024+AC0-10+AC0-10,+ACI-Widget A+ACI-,30
2024+AC0-10+AC0-10,+ACI-Widget B+ACI-,11
2024+AC0-10+AC0-10,+ACI-Widget C+ACI-,31
2024+AC0-10+AC0-11,+ACI-Widget A+ACI-,31
2024+AC0-10+AC0-11,+ACI-Widget B+ACI-,23
2024+AC0-10+AC0-11,+ACI-Widget C+ACI-,28
2024+AC0-10+AC0-12,+ACI-Widget A+ACI-,21
2024+AC0-10+AC0-12,+ACI-Widget B+ACI-,26
2024+AC0-10+AC0-12,+ACI-Widget C+ACI-,21
2024+AC0-10+AC0-13,+ACI-Widget A+ACI-,28
2024+AC0-10+AC0-13,+ACI-Widget B+ACI-,12
2024+AC0-10+AC0-13,+ACI-Widget C+ACI-,26
2024+AC0-10+AC0-14,+ACI-Widget A+ACI-,23
2024+AC0-10+AC0-14,+ACI-Widget B+ACI-,18
2024+AC0-10+AC0-14,+ACI-Widget C+ACI-,42
2024+AC0-10+AC0-15,+ACI-Widget A+ACI-,25
2024+AC0-10+AC0-15,+ACI-Widget B+ACI-,26
2024+AC0-10+AC0-15,+ACI-Widget C+ACI-,28
2024+AC0-10+AC0-16,+ACI-Widget A+ACI-,27
2024+AC0-10+AC0-16,+ACI-Widget B+ACI-,32
2024+AC0-10+AC0-16,+ACI-Widget C+ACI-,27
2024+AC0-10+AC0-17,+ACI-Widget A+ACI-,25
2024+AC0-10+AC0-17,+ACI-Widget B+ACI-,26
2024+AC0-10+AC0-17,+ACI-Widget C+ACI-,20
2024+AC0-10+AC0-18,+ACI-Widget A+ACI-,18
2024+AC0-10+AC0-18,+ACI-Widget B+ACI-,26
2024+AC0-10+AC0-18,+ACI-Widget C+ACI-,30
2024+AC0-10+AC0-19,+ACI-Widget A+ACI-,24
2024+AC0-10+AC0-19,+ACI-Widget B+ACI-,28
2024+AC0-10+AC0-19,+ACI-Widget C+ACI-,22
2024+AC0-10+AC0-20,+ACI-Widget A+ACI-,20
2024+AC0-10+AC0-20,+ACI-Widget B+ACI-,23
2024+AC0-10+AC0-20,+ACI-Widget C+ACI-,27
2024+AC0-10+AC0-21,+ACI-Widget A+ACI-,30
2024+AC0-10+AC0-21,+ACI-Widget B+ACI-,32
2024+AC0-10+AC0-21,+ACI-Widget C+ACI-,24
2024+AC0-10+AC0-22,+ACI-Widget A+ACI-,23
2024+AC0-10+AC0-22,+ACI-Widget B+ACI-,19
2024+AC0-10+AC0-22,+ACI-Widget C+ACI-,22
2024+AC0-10+AC0-23,+ACI-Widget A+ACI-,20
2024+AC0-10+AC0-23,+ACI-Widget B+ACI-,28
2024+AC0-10+AC0-23,+ACI-Widget C+ACI-,24
2024+AC0-10+AC0-24,+ACI-Widget A+ACI-,30
2024+AC0-10+AC0-24,+ACI-Widget B+ACI-,25
2024+AC0-10+AC0-24,+ACI-Widget C+ACI-,28
2024+AC0-10+AC0-25,+ACI-Widget A+ACI-,25
2024+AC0-10+AC0-25,+ACI-Widget B+ACI-,28
2024+AC0-10+AC0-25,+ACI-Widget C+ACI-,15
2024+AC0-10+AC0-26,+ACI-Widget A+ACI-,25
2024+AC0-10+AC0-26,+ACI-Widget B+ACI-,26
2024+AC0-10+AC0-26,+ACI-Widget C+ACI-,21
2024+AC0-10+AC0-27,+ACI-Widget A+ACI-,19
2024+AC0-10+AC0-27,+ACI-Widget B+ACI-,22
2024+AC0-10+AC0-27,+ACI-Widget C+ACI-,18
2024+AC0-10+AC0-28,+ACI-Widget A+ACI-,35
2024+AC0-10+AC0-28,+ACI-Widget B+ACI-,24
2024+AC0-10+AC0-28,+ACI-Widget C+ACI-,17
2024+AC0-10+AC0-29,+ACI-Widget A+ACI-,11
2024+AC0-10+AC0-29,+ACI-Widget B+ACI-,29
2024+AC0-10+AC0-29,+ACI-Widget C+ACI-,26
2024+AC0-10+AC0-30,+ACI-Widget A+ACI-,29
2024+AC0-10+AC0-30,+ACI-Widget B+ACI-,24
2024+AC0-10+AC0-30,+ACI-Widget C+ACI-,25
2024+AC0-10+AC0-31,+ACI-Widget A+ACI-,26
2024+AC0-10+AC0-31,+ACI-Widget B+ACI-,17
2024+AC0-10+AC0-31,+ACI-Widget C+ACI-,16
2024+AC0-11+AC0-01,+ACI-Widget A+ACI-,23
2024+AC0-11+AC0-01,+ACI-Widget B+ACI-,16
2024+AC0-11+AC0-01,+ACI-Widget C+ACI-,21
2024+AC0-11+AC0-02,+ACI-Widget A+ACI-,24
2024+AC0-11+AC0-02,+ACI-Widget B+ACI-,22
2024+AC0-11+AC0-02,+ACI-Widget C+ACI-,28
2024+AC0-11+AC0-03,+ACI-Widget A+ACI-,27
2024+AC0-11+AC0-03,+ACI-Widget B+ACI-,28
2024+AC0-11+AC0-03,+ACI-Widget C+ACI-,30
2024+AC0-11+AC0-04,+ACI-Widget A+ACI-,22
2024+AC0-11+AC0-04,+ACI-Widget B+ACI-,23
2024+AC0-11+AC0-04,+ACI-Widget C+ACI-,28
2024+AC0-11+AC0-05,+ACI-Widget A+ACI-,21
2024+AC0-11+AC0-05,+ACI-Widget B+ACI-,26
2024+AC0-11+AC0-05,+ACI-Widget C+ACI-,20
2024+AC0-11+AC0-06,+ACI-Widget A+ACI-,28
2024+AC0-11+AC0-06,+ACI-Widget B+ACI-,18
2024+AC0-11+AC0-06,+ACI-Widget C+ACI-,38
2024+AC0-11+AC0-07,+ACI-Widget A+ACI-,22
2024+AC0-11+AC0-07,+ACI-Widget B+ACI-,22
2024+AC0-11+AC0-07,+ACI-Widget C+ACI-,28
2024+AC0-11+AC0-08,+ACI-Widget A+ACI-,22
2024+AC0-11+AC0-08,+ACI-Widget B+ACI-,24
2024+AC0-11+AC0-08,+ACI-Widget C+ACI-,23
2024+AC0-11+AC0-09,+ACI-Widget A+ACI-,26
2024+AC0-11+AC0-09,+ACI-Widget B+ACI-,26
2024+AC0-11+AC0-09,+ACI-Widget C+ACI-,26
2024+AC0-11+AC0-10,+ACI-Widget A+ACI-,24
2024+AC0-11+AC0-10,+ACI-Widget B+ACI-,15
2024+AC0-11+AC0-10,+ACI-Widget C+ACI-,26
2024+AC0-11+AC0-11,+ACI-Widget A+ACI-,20
2024+AC0-11+AC0-11,+ACI-Widget B+ACI-,27
2024+AC0-11+AC0-11,+ACI-Widget C+ACI-,21
2024+AC0-11+AC0-12,+ACI-Widget A+ACI-,15
2024+AC0-11+AC0-12,+ACI-Widget B+ACI-,22
2024+AC0-11+AC0-12,+ACI-Widget C+ACI-,31
2024+AC0-11+AC0-13,+ACI-Widget A+ACI-,28
2024+AC0-11+AC0-13,+ACI-Widget B+ACI-,22
2024+AC0-11+AC0-13,+ACI-Widget C+ACI-,28
2024+AC0-11+AC0-14,+ACI-Widget A+ACI-,23
2024+AC0-11+AC0-14,+ACI-Widget B+ACI-,21
2024+AC0-11+AC0-14,+ACI-Widget C+ACI-,19
2024+AC0-11+AC0-15,+ACI-Widget A+ACI-,26
2024+AC0-11+AC0-15,+ACI-Widget B+ACI-,23
2024+AC0-11+AC0-15,+ACI-Widget C+ACI-,25
2024+AC0-11+AC0-16,+ACI-Widget A+ACI-,19
2024+AC0-11+AC0-16,+ACI-Widget B+ACI-,21
2024+AC0-11+AC0-16,+ACI-Widget C+ACI-,19
2024+AC0-11+AC0-17,+ACI-Widget A+ACI-,31
2024+AC0-11+AC0-17,+ACI-Widget B+ACI-,17
2024+AC0-11+AC0-17,+ACI-Widget C+ACI-,29
2024+AC0-11+AC0-18,+ACI-Widget A+ACI-,24
2024+AC0-11+AC0-18,+ACI-Widget B+ACI-,28
2024+AC0-11+AC0-18,+ACI-Widget C+ACI-,23
2024+AC0-11+AC0-19,+ACI-Widget A+ACI-,26
2024+AC0-11+AC0-19,+ACI-Widget B+ACI-,15
2024+AC0-11+AC0-19,+ACI-Widget C+ACI-,28
2024+AC0-11+AC0-20,+ACI-Widget A+ACI-,20
2024+AC0-11+AC0-20,+ACI-Widget B+ACI-,34
2024+AC0-11+AC0-20,+ACI-Widget C+ACI-,21
2024+AC0-11+AC0-21,+ACI-Widget A+ACI-,21
2024+AC0-11+AC0-21,+ACI-Widget B+ACI-,43
2024+AC0-11+AC0-21,+ACI-Widget C+ACI-,30
2024+AC0-11+AC0-22,+ACI-Widget A+ACI-,31
2024+AC0-11+AC0-22,+ACI-Widget B+ACI-,30
2024+AC0-11+AC0-22,+ACI-Widget C+ACI-,22
2024+AC0-11+AC0-23,+ACI-Widget A+ACI-,33
2024+AC0-11+AC0-23,+ACI-Widget B+ACI-,22
2024+AC0-11+AC0-23,+ACI-Widget C+ACI-,20
2024+AC0-11+AC0-24,+ACI-Widget A+ACI-,22
2024+AC0-11+AC0-24,+ACI-Widget B+ACI-,18
2024+AC0-11+AC0-24,+ACI-Widget C+ACI-,23
2024+AC0-11+AC0-25,+ACI-Widget A+ACI-,15
2024+AC0-11+AC0-25,+ACI-Widget B+ACI-,22
2024+AC0-11+AC0-25,+ACI-Widget C+ACI-,31
2024+AC0-11+AC0-26,+ACI-Widget A+ACI-,22
2024+AC0-11+AC0-26,+ACI-Widget B+ACI-,25
2024+AC0-11+AC0-26,+ACI-Widget C+ACI-,19
2024+AC0-11+AC0-27,+ACI-Widget A+ACI-,20
2024+AC0-11+AC0-27,+ACI-Widget B+ACI-,26
2024+AC0-11+AC0-27,+ACI-Widget C+ACI-,21
2024+AC0-11+AC0-28,+ACI-Widget A+ACI-,24
2024+AC0-11+AC0-28,+ACI-Widget B+ACI-,28
2024+AC0-11+AC0-28,+ACI-Widget C+ACI-,17
2024+AC0-11+AC0-29,+ACI-Widget A+ACI-,25
2024+AC0-11+AC0-29,+ACI-Widget B+ACI-,19
2024+AC0-11+AC0-29,+ACI-Widget C+ACI-,29
2024+AC0-11+AC0-30,+ACI-Widget A+ACI-,28
2024+AC0-11+AC0-30,+ACI-Widget B+ACI-,30
2024+AC0-11+AC0-30,+ACI-Widget C+ACI-,34
2024+AC0-12+AC0-01,+ACI-Widget A+ACI-,26
2024+AC0-12+AC0-01,+ACI-Widget B+ACI-,19
2024+AC0-12+AC0-01,+ACI-Widget C+ACI-,32
2024+AC0-12+AC0-02,+ACI-Widget A+ACI-,24
2024+AC0-12+AC0-02,+ACI-Widget B+ACI-,17
2024+AC0-12+AC0-02,+ACI-Widget C+ACI-,26
2024+AC0-12+AC0-03,+ACI-Widget A+ACI-,27
2024+AC0-12+AC0-03,+ACI-Widget B+ACI-,18
2024+AC0-12+AC0-03,+ACI-Widget C+ACI-,23
2024+AC0-12+AC0-04,+ACI-Widget A+ACI-,30
2024+AC0-12+AC0-04,+ACI-Widget B+ACI-,23
2024+AC0-12+AC0-04,+ACI-Widget C+ACI-,17
2024+AC0-12+AC0-05,+ACI-Widget A+ACI-,16
2024+AC0-12+AC0-05,+ACI-Widget B+ACI-,28
2024+AC0-12+AC0-05,+ACI-Widget C+ACI-,16
2024+AC0-12+AC0-06,+ACI-Widget A+ACI-,25
2024+AC0-12+AC0-06,+ACI-Widget B+ACI-,27
2024+AC0-12+AC0-06,+ACI-Widget C+ACI-,29
2024+AC0-12+AC0-07,+ACI-Widget A+ACI-,18
2024+AC0-12+AC0-07,+ACI-Widget B+ACI-,17
2024+AC0-12+AC0-07,+ACI-Widget C+ACI-,30
2024+AC0-12+AC0-08,+ACI-Widget A+ACI-,21
2024+AC0-12+AC0-08,+ACI-Widget B+ACI-,35
2024+AC0-12+AC0-08,+ACI-Widget C+ACI-,20
2024+AC0-12+AC0-09,+ACI-Widget A+ACI-,26
2024+AC0-12+AC0-09,+ACI-Widget B+ACI-,26
2024+AC0-12+AC0-09,+ACI-Widget C+ACI-,27
2024+AC0-12+AC0-10,+ACI-Widget A+ACI-,23
2024+AC0-12+AC0-10,+ACI-Widget B+ACI-,21
2024+AC0-12+AC0-10,+ACI-Widget C+ACI-,24
2024+AC0-12+AC0-11,+ACI-Widget A+ACI-,34
2024+AC0-12+AC0-11,+ACI-Widget B+ACI-,19
2024+AC0-12+AC0-11,+ACI-Widget C+ACI-,21
2024+AC0-12+AC0-12,+ACI-Widget A+ACI-,27
2024+AC0-12+AC0-12,+ACI-Widget B+ACI-,15
2024+AC0-12+AC0-12,+ACI-Widget C+ACI-,32
2024+AC0-12+AC0-13,+ACI-Widget A+ACI-,27
2024+AC0-12+AC0-13,+ACI-Widget B+ACI-,18
2024+AC0-12+AC0-13,+ACI-Widget C+ACI-,26
2024+AC0-12+AC0-14,+ACI-Widget A+ACI-,28
2024+AC0-12+AC0-14,+ACI-Widget B+ACI-,25
2024+AC0-12+AC0-14,+ACI-Widget C+ACI-,24
2024+AC0-12+AC0-15,+ACI-Widget A+ACI-,22
2024+AC0-12+AC0-15,+ACI-Widget B+ACI-,18
2024+AC0-12+AC0-15,+ACI-Widget C+ACI-,20
2024+AC0-12+AC0-16,+ACI-Widget A+ACI-,18
2024+AC0-12+AC0-16,+ACI-Widget B+ACI-,21
2024+AC0-12+AC0-16,+ACI-Widget C+ACI-,26
2024+AC0-12+AC0-17,+ACI-Widget A+ACI-,26
2024+AC0-12+AC0-17,+ACI-Widget B+ACI-,18
2024+AC0-12+AC0-17,+ACI-Widget C+ACI-,26
2024+AC0-12+AC0-18,+ACI-Widget A+ACI-,27
2024+AC0-12+AC0-18,+ACI-Widget B+ACI-,21
2024+AC0-12+AC0-18,+ACI-Widget C+ACI-,23
2024+AC0-12+AC0-19,+ACI-Widget A+ACI-,22
2024+AC0-12+AC0-19,+ACI-Widget B+ACI-,25
2024+AC0-12+AC0-19,+ACI-Widget C+ACI-,24
2024+AC0-12+AC0-20,+ACI-Widget A+ACI-,28
2024+AC0-12+AC0-20,+ACI-Widget B+ACI-,33
2024+AC0-12+AC0-20,+ACI-Widget C+ACI-,17
2024+AC0-12+AC0-21,+ACI-Widget A+ACI-,17
2024+AC0-12+AC0-21,+ACI-Widget B+ACI-,19
2024+AC0-12+AC0-21,+ACI-Widget C+ACI-,21
2024+AC0-12+AC0-22,+ACI-Widget A+ACI-,22
2024+AC0-12+AC0-22,+ACI-Widget B+ACI-,20
2024+AC0-12+AC0-22,+ACI-Widget C+ACI-,19
2024+AC0-12+AC0-23,+ACI-Widget A+ACI-,25
2024+AC0-12+AC0-23,+ACI-Widget B+ACI-,15
2024+AC0-12+AC0-23,+ACI-Widget C+ACI-,21
2024+AC0-12+AC0-24,+ACI-Widget A+ACI-,17
2024+AC0-12+AC0-24,+ACI-Widget B+ACI-,21
2024+AC0-12+AC0-24,+ACI-Widget C+ACI-,20
2024+AC0-12+AC0-25,+ACI-Widget A+ACI-,16
2024+AC0-12+AC0-25,+ACI-Widget B+ACI-,20
2024+AC0-12+AC0-25,+ACI-Widget C+ACI-,27
2024+AC0-12+AC0-26,+ACI-Widget A+ACI-,21
2024+AC0-12+AC0-26,+ACI-Widget B+ACI-,21
2024+AC0-12+AC0-26,+ACI-Widget C+ACI-,11
2024+AC0-12+AC0-27,+ACI-Widget A+ACI-,23
2024+AC0-12+AC0-27,+ACI-Widget B+ACI-,25
2024+AC0-12+AC0-27,+ACI-Widget C+ACI-,21
2024+AC0-12+AC0-28,+ACI-Widget A+ACI-,22
2024+AC0-12+AC0-28,+ACI-Widget B+ACI-,21
2024+AC0-12+AC0-28,+ACI-Widget C+ACI-,27
2024+AC0-12+AC0-29,+ACI-Widget A+ACI-,22
2024+AC0-12+AC0-29,+ACI-Widget B+ACI-,20
2024+AC0-12+AC0-29,+ACI-Widget C+ACI-,16
2024+AC0-12+AC0-30,+ACI-Widget A+ACI-,19
2024+AC0-12+AC0-30,+ACI-Widget B+ACI-,27
2024+AC0-12+AC0-30,+ACI-Widget C+ACI-,27
2024+AC0-12+AC0-31,+ACI-Widget A+ACI-,24
2024+AC0-12+AC0-31,+ACI-Widget B+ACI-,24
2024+AC0-12+AC0-31,+ACI-Widget C+ACI-,25
2025+AC0-01+AC0-01,+ACI-Widget A+ACI-,16
2025+AC0-01+AC0-01,+ACI-Widget B+ACI-,23
2025+AC0-01+AC0-01,+ACI-Widget C+ACI-,23
2025+AC0-01+AC0-02,+ACI-Widget A+ACI-,14
2025+AC0-01+AC0-02,+ACI-Widget B+ACI-,22
2025+AC0-01+AC0-02,+ACI-Widget C+ACI-,27
2025+AC0-01+AC0-03,+ACI-Widget A+ACI-,19
2025+AC0-01+AC0-03,+ACI-Widget B+ACI-,18
2025+AC0-01+AC0-03,+ACI-Widget C+ACI-,22
2025+AC0-01+AC0-04,+ACI-Widget A+ACI-,14
2025+AC0-01+AC0-04,+ACI-Widget B+ACI-,16
2025+AC0-01+AC0-04,+ACI-Widget C+ACI-,19
2025+AC0-01+AC0-05,+ACI-Widget A+ACI-,22
2025+AC0-01+AC0-05,+ACI-Widget B+ACI-,17
2025+AC0-01+AC0-05,+ACI-Widget C+ACI-,24
2025+AC0-01+AC0-06,+ACI-Widget A+ACI-,22
2025+AC0-01+AC0-06,+ACI-Widget B+ACI-,20
2025+AC0-01+AC0-06,+ACI-Widget C+ACI-,16
2025+AC0-01+AC0-07,+ACI-Widget A+ACI-,19
2025+AC0-01+AC0-07,+ACI-Widget B+ACI-,18
2025+AC0-01+AC0-07,+ACI-Widget C+ACI-,20
2025+AC0-01+AC0-08,+ACI-Widget A+ACI-,28
2025+AC0-01+AC0-08,+ACI-Widget B+ACI-,18
2025+AC0-01+AC0-08,+ACI-Widget C+ACI-,10
2025+AC0-01+AC0-09,+ACI-Widget A+ACI-,21
2025+AC0-01+AC0-09,+ACI-Widget B+ACI-,16
2025+AC0-01+AC0-09,+ACI-Widget C+ACI-,22
2025+AC0-01+AC0-10,+ACI-Widget A+ACI-,19
2025+AC0-01+AC0-10,+ACI-Widget B+ACI-,21
2025+AC0-01+AC0-10,+ACI-Widget C+ACI-,25
2025+AC0-01+AC0-11,+ACI-Widget A+ACI-,19
2025+AC0-01+AC0-11,+ACI-Widget B+ACI-,12
2025+AC0-01+AC0-11,+ACI-Widget C+ACI-,16
2025+AC0-01+AC0-12,+ACI-Widget A+ACI-,18
2025+AC0-01+AC0-12,+ACI-Widget B+ACI-,11
2025+AC0-01+AC0-12,+ACI-Widget C+ACI-,19
2025+AC0-01+AC0-13,+ACI-Widget A+ACI-,15
2025+AC0-01+AC0-13,+ACI-Widget B+ACI-,22
2025+AC0-01+AC0-13,+ACI-Widget C+ACI-,14
2025+AC0-01+AC0-14,+ACI-Widget A+ACI-,24
2025+AC0-01+AC0-14,+ACI-Widget B+ACI-,16
2025+AC0-01+AC0-14,+ACI-Widget C+ACI-,16
2025+AC0-01+AC0-15,+ACI-Widget A+ACI-,27
2025+AC0-01+AC0-15,+ACI-Widget B+ACI-,18
2025+AC0-01+AC0-15,+ACI-Widget C+ACI-,19
2025+AC0-01+AC0-16,+ACI-Widget A+ACI-,19
2025+AC0-01+AC0-16,+ACI-Widget B+ACI-,15
2025+AC0-01+AC0-16,+ACI-Widget C+ACI-,19
2025+AC0-01+AC0-17,+ACI-Widget A+ACI-,16
2025+AC0-01+AC0-17,+ACI-Widget B+ACI-,14
2025+AC0-01+AC0-17,+ACI-Widget C+ACI-,20
2025+AC0-01+AC0-18,+ACI-Widget A+ACI-,22
2025+AC0-01+AC0-18,+ACI-Widget B+ACI-,23
2025+AC0-01+AC0-18,+ACI-Widget C+ACI-,27
2025+AC0-01+AC0-19,+ACI-Widget A+ACI-,25
2025+AC0-01+AC0-19,+ACI-Widget B+ACI-,15
2025+AC0-01+AC0-19,+ACI-Widget C+ACI-,19
2025+AC0-01+AC0-20,+ACI-Widget A+ACI-,18
2025+AC0-01+AC0-20,+ACI-Widget B+ACI-,22
2025+AC0-01+AC0-20,+ACI-Widget C+ACI-,22
2025+AC0-01+AC0-21,+ACI-Widget A+ACI-,17
2025+AC0-01+AC0-21,+ACI-Widget B+ACI-,19
2025+AC0-01+AC0-21,+ACI-Widget C+ACI-,21
2025+AC0-01+AC0-22,+ACI-Widget A+ACI-,15
2025+AC0-01+AC0-22,+ACI-Widget B+ACI-,24
2025+AC0-01+AC0-22,+ACI-Widget C+ACI-,24
2025+AC0-01+AC0-23,+ACI-Widget A+ACI-,26
2025+AC0-01+AC0-23,+ACI-Widget B+ACI-,30
2025+AC0-01+AC0-23,+ACI-Widget C+ACI-,29
2025+AC0-01+AC0-24,+ACI-Widget A+ACI-,16
2025+AC0-01+AC0-24,+ACI-Widget B+ACI-,22
2025+AC0-01+AC0-24,+ACI-Widget C+ACI-,20
2025+AC0-01+AC0-25,+ACI-Widget A+ACI-,17
2025+AC0-01+AC0-25,+ACI-Widget B+ACI-,17
2025+AC0-01+AC0-25,+ACI-Widget C+ACI-,22
2025+AC0-01+AC0-26,+ACI-Widget A+ACI-,20
2025+AC0-01+AC0-26,+ACI-Widget B+ACI-,20
2025+AC0-01+AC0-26,+ACI-Widget C+ACI-,20
2025+AC0-01+AC0-27,+ACI-Widget A+ACI-,18
2025+AC0-01+AC0-27,+ACI-Widget B+ACI-,20
2025+AC0-01+AC0-27,+ACI-Widget C+ACI-,15
2025+AC0-01+AC0-28,+ACI-Widget A+ACI-,18
2025+AC0-01+AC0-28,+ACI-Widget B+ACI-,22
2025+AC0-01+AC0-28,+ACI-Widget C+ACI-,17
2025+AC0-01+AC0-29,+ACI-Widget A+ACI-,21
2025+AC0-01+AC0-29,+ACI-Widget B+ACI-,29
2025+AC0-01+AC0-29,+ACI-Widget C+ACI-,15
2025+AC0-01+AC0-30,+ACI-Widget A+ACI-,17
2025+AC0-01+AC0-30,+ACI-Widget B+ACI-,18
2025+AC0-01+AC0-30,+ACI-Widget C+ACI-,20
2025+AC0-01+AC0-31,+ACI-Widget A+ACI-,21
2025+AC0-01+AC0-31,+ACI-Widget B+ACI-,19
2025+AC0-01+AC0-31,+ACI-Widget C+ACI-,17
2025+AC0-02+AC0-01,+ACI-Widget A+ACI-,12
2025+AC0-02+AC0-01,+ACI-Widget B+ACI-,19
2025+AC0-02+AC0-01,+ACI-Widget C+ACI-,19
2025+AC0-02+AC0-02,+ACI-Widget A+ACI-,17
2025+AC0-02+AC0-02,+ACI-Widget B+ACI-,9
2025+AC0-02+AC0-02,+ACI-Widget C+ACI-,14
2025+AC0-02+AC0-03,+ACI-Widget A+ACI-,18
2025+AC0-02+AC0-03,+ACI-Widget B+ACI-,10
2025+AC0-02+AC0-03,+ACI-Widget C+ACI-,19
2025+AC0-02+AC0-04,+ACI-Widget A+ACI-,25
2025+AC0-02+AC0-04,+ACI-Widget B+ACI-,20
2025+AC0-02+AC0-04,+ACI-Widget C+ACI-,12
2025+AC0-02+AC0-05,+ACI-Widget A+ACI-,15
2025+AC0-02+AC0-05,+ACI-Widget B+ACI-,11
2025+AC0-02+AC0-05,+ACI-Widget C+ACI-,20
2025+AC0-02+AC0-06,+ACI-Widget A+ACI-,7
2025+AC0-02+AC0-06,+ACI-Widget B+ACI-,17
2025+AC0-02+AC0-06,+ACI-Widget C+ACI-,25
2025+AC0-02+AC0-07,+ACI-Widget A+ACI-,20
2025+AC0-02+AC0-07,+ACI-Widget B+ACI-,19
2025+AC0-02+AC0-07,+ACI-Widget C+ACI-,19
2025+AC0-02+AC0-08,+ACI-Widget A+ACI-,19
2025+AC0-02+AC0-08,+ACI-Widget B+ACI-,16
2025+AC0-02+AC0-08,+ACI-Widget C+ACI-,17
2025+AC0-02+AC0-09,+ACI-Widget A+ACI-,20
2025+AC0-02+AC0-09,+ACI-Widget B+ACI-,28
2025+AC0-02+AC0-09,+ACI-Widget C+ACI-,16
2025+AC0-02+AC0-10,+ACI-Widget A+ACI-,14
2025+AC0-02+AC0-10,+ACI-Widget B+ACI-,17
2025+AC0-02+AC0-10,+ACI-Widget C+ACI-,23
2025+AC0-02+AC0-11,+ACI-Widget A+ACI-,18
2025+AC0-02+AC0-11,+ACI-Widget B+ACI-,14
2025+AC0-02+AC0-11,+ACI-Widget C+ACI-,23
2025+AC0-02+AC0-12,+ACI-Widget A+ACI-,19
2025+AC0-02+AC0-12,+ACI-Widget B+ACI-,25
2025+AC0-02+AC0-12,+ACI-Widget C+ACI-,17
2025+AC0-02+AC0-13,+ACI-Widget A+ACI-,13
2025+AC0-02+AC0-13,+ACI-Widget B+ACI-,18
2025+AC0-02+AC0-13,+ACI-Widget C+ACI-,12
2025+AC0-02+AC0-14,+ACI-Widget A+ACI-,19
2025+AC0-02+AC0-14,+ACI-Widget B+ACI-,19
2025+AC0-02+AC0-14,+ACI-Widget C+ACI-,14
2025+AC0-02+AC0-15,+ACI-Widget A+ACI-,13
2025+AC0-02+AC0-15,+ACI-Widget B+ACI-,20
2025+AC0-02+AC0-15,+ACI-Widget C+ACI-,15
2025+AC0-02+AC0-16,+ACI-Widget A+ACI-,10
2025+AC0-02+AC0-16,+ACI-Widget B+ACI-,25
2025+AC0-02+AC0-16,+ACI-Widget C+ACI-,22
2025+AC0-02+AC0-17,+ACI-Widget A+ACI-,17
2025+AC0-02+AC0-17,+ACI-Widget B+ACI-,13
2025+AC0-02+AC0-17,+ACI-Widget C+ACI-,17
2025+AC0-02+AC0-18,+ACI-Widget A+ACI-,22
2025+AC0-02+AC0-18,+ACI-Widget B+ACI-,11
2025+AC0-02+AC0-18,+ACI-Widget C+ACI-,18
2025+AC0-02+AC0-19,+ACI-Widget A+ACI-,16
2025+AC0-02+AC0-19,+ACI-Widget B+ACI-,11
2025+AC0-02+AC0-19,+ACI-Widget C+ACI-,25
2025+AC0-02+AC0-20,+ACI-Widget A+ACI-,14
2025+AC0-02+AC0-20,+ACI-Widget B+ACI-,11
2025+AC0-02+AC0-20,+ACI-Widget C+ACI-,17
2025+AC0-02+AC0-21,+ACI-Widget A+ACI-,10
2025+AC0-02+AC0-21,+ACI-Widget B+ACI-,25
2025+AC0-02+AC0-21,+ACI-Widget C+ACI-,20
2025+AC0-02+AC0-22,+ACI-Widget A+ACI-,18
2025+AC0-02+AC0-22,+ACI-Widget B+ACI-,20
2025+AC0-02+AC0-22,+ACI-Widget C+ACI-,22
2025+AC0-02+AC0-23,+ACI-Widget A+ACI-,11
2025+AC0-02+AC0-23,+ACI-Widget B+ACI-,18
2025+AC0-02+AC0-23,+ACI-Widget C+ACI-,14
2025+AC0-02+AC0-24,+ACI-Widget A+ACI-,11
2025+AC0-02+AC0-24,+ACI-Widget B+ACI-,15
2025+AC0-02+AC0-24,+ACI-Widget C+ACI-,13
2025+AC0-02+AC0-25,+ACI-Widget A+ACI-,10
2025+AC0-02+AC0-25,+ACI-Widget B+ACI-,13
2025+AC0-02+AC0-25,+ACI-Widget C+ACI-,25
2025+AC0-02+AC0-26,+ACI-Widget A+ACI-,13
2025+AC0-02+AC0-26,+ACI-Widget B+ACI-,14
2025+AC0-02+AC0-26,+ACI-Widget C+ACI-,16
2025+AC0-02+AC0-27,+ACI-Widget A+ACI-,19
2025+AC0-02+AC0-27,+ACI-Widget B+ACI-,19
2025+AC0-02+AC0-27,+ACI-Widget C+ACI-,16
2025+AC0-02+AC0-28,+ACI-Widget A+ACI-,20
2025+AC0-02+AC0-28,+ACI-Widget B+ACI-,19
2025+AC0-02+AC0-28,+ACI-Widget C+ACI-,20
2025+AC0-03+AC0-01,+ACI-Widget A+ACI-,21
2025+AC0-03+AC0-01,+ACI-Widget B+ACI-,17
2025+AC0-03+AC0-01,+ACI-Widget C+ACI-,16
2025+AC0-03+AC0-02,+ACI-Widget A+ACI-,10
2025+AC0-03+AC0-02,+ACI-Widget B+ACI-,22
2025+AC0-03+AC0-02,+ACI-Widget C+ACI-,13
2025+AC0-03+AC0-03,+ACI-Widget A+ACI-,19
2025+AC0-03+AC0-03,+ACI-Widget B+ACI-,17
2025+AC0-03+AC0-03,+ACI-Widget C+ACI-,16
2025+AC0-03+AC0-04,+ACI-Widget A+ACI-,22
2025+AC0-03+AC0-04,+ACI-Widget B+ACI-,11
2025+AC0-03+AC0-04,+ACI-Widget C+ACI-,20
2025+AC0-03+AC0-05,+ACI-Widget A+ACI-,14
2025+AC0-03+AC0-05,+ACI-Widget B+ACI-,20
2025+AC0-03+AC0-05,+ACI-Widget C+ACI-,13
2025+AC0-03+AC0-06,+ACI-Widget A+ACI-,29
2025+AC0-03+AC0-06,+ACI-Widget B+ACI-,21
2025+AC0-03+AC0-06,+ACI-Widget C+ACI-,14
2025+AC0-03+AC0-07,+ACI-Widget A+ACI-,20
2025+AC0-03+AC0-07,+ACI-Widget B+ACI-,16
2025+AC0-03+AC0-07,+ACI-Widget C+ACI-,21
2025+AC0-03+AC0-08,+ACI-Widget A+ACI-,21
2025+AC0-03+AC0-08,+ACI-Widget B+ACI-,16
2025+AC0-03+AC0-08,+ACI-Widget C+ACI-,24
2025+AC0-03+AC0-09,+ACI-Widget A+ACI-,10
2025+AC0-03+AC0-09,+ACI-Widget B+ACI-,15
2025+AC0-03+AC0-09,+ACI-Widget C+ACI-,17
2025+AC0-03+AC0-10,+ACI-Widget A+ACI-,18
2025+AC0-03+AC0-10,+ACI-Widget B+ACI-,15
2025+AC0-03+AC0-10,+ACI-Widget C+ACI-,16
2025+AC0-03+AC0-11,+ACI-Widget A+ACI-,13
2025+AC0-03+AC0-11,+ACI-Widget B+ACI-,18
2025+AC0-03+AC0-11,+ACI-Widget C+ACI-,23
2025+AC0-03+AC0-12,+ACI-Widget A+ACI-,23
2025+AC0-03+AC0-12,+ACI-Widget B+ACI-,14
2025+AC0-03+AC0-12,+ACI-Widget C+ACI-,16
2025+AC0-03+AC0-13,+ACI-Widget A+ACI-,15
2025+AC0-03+AC0-13,+ACI-Widget B+ACI-,26
2025+AC0-03+AC0-13,+ACI-Widget C+ACI-,17
2025+AC0-03+AC0-14,+ACI-Widget A+ACI-,15
2025+AC0-03+AC0-14,+ACI-Widget B+ACI-,17
2025+AC0-03+AC0-14,+ACI-Widget C+ACI-,12
2025+AC0-03+AC0-15,+ACI-Widget A+ACI-,20
2025+AC0-03+AC0-15,+ACI-Widget B+ACI-,13
2025+AC0-03+AC0-15,+ACI-Widget C+ACI-,12
2025+AC0-03+AC0-16,+ACI-Widget A+ACI-,15
2025+AC0-03+AC0-16,+ACI-Widget B+ACI-,22
2025+AC0-03+AC0-16,+ACI-Widget C+ACI-,21
2025+AC0-03+AC0-17,+ACI-Widget A+ACI-,13
2025+AC0-03+AC0-17,+ACI-Widget B+ACI-,12
2025+AC0-03+AC0-17,+ACI-Widget C+ACI-,12
2025+AC0-03+AC0-18,+ACI-Widget A+ACI-,12
2025+AC0-03+AC0-18,+ACI-Widget B+ACI-,14
2025+AC0-03+AC0-18,+ACI-Widget C+ACI-,18
2025+AC0-03+AC0-19,+ACI-Widget A+ACI-,23
2025+AC0-03+AC0-19,+ACI-Widget B+ACI-,17
2025+AC0-03+AC0-19,+ACI-Widget C+ACI-,13
2025+AC0-03+AC0-20,+ACI-Widget A+ACI-,14
2025+AC0-03+AC0-20,+ACI-Widget B+ACI-,16
2025+AC0-03+AC0-20,+ACI-Widget C+ACI-,13
2025+AC0-03+AC0-21,+ACI-Widget A+ACI-,16
2025+AC0-03+AC0-21,+ACI-Widget B+ACI-,18
2025+AC0-03+AC0-21,+ACI-Widget C+ACI-,17
2025+AC0-03+AC0-22,+ACI-Widget A+ACI-,21
2025+AC0-03+AC0-22,+ACI-Widget B+ACI-,18
2025+AC0-03+AC0-22,+ACI-Widget C+ACI-,19
2025+AC0-03+AC0-23,+ACI-Widget A+ACI-,16
2025+AC0-03+AC0-23,+ACI-Widget B+ACI-,16
2025+AC0-03+AC0-23,+ACI-Widget C+ACI-,13
2025+AC0-03+AC0-24,+ACI-Widget A+ACI-,17
2025+AC0-03+AC0-24,+ACI-Widget B+ACI-,12
2025+AC0-03+AC0-24,+ACI-Widget C+ACI-,16
2025+AC0-03+AC0-25,+ACI-Widget A+ACI-,18
2025+AC0-03+AC0-25,+ACI-Widget B+ACI-,23
2025+AC0-03+AC0-25,+ACI-Widget C+ACI-,18
2025+AC0-03+AC0-26,+ACI-Widget A+ACI-,10
2025+AC0-03+AC0-26,+ACI-Widget B+ACI-,20
2025+AC0-03+AC0-26,+ACI-Widget C+ACI-,22
2025+AC0-03+AC0-27,+ACI-Widget A+ACI-,13
2025+AC0-03+AC0-27,+ACI-Widget B+ACI-,14
2025+AC0-03+AC0-27,+ACI-Widget C+ACI-,16
2025+AC0-03+AC0-28,+ACI-Widget A+ACI-,12
2025+AC0-03+AC0-28,+ACI-Widget B+ACI-,15
2025+AC0-03+AC0-28,+ACI-Widget C+ACI-,13
2025+AC0-03+AC0-29,+ACI-Widget A+ACI-,16
2025+AC0-03+AC0-29,+ACI-Widget B+ACI-,14
2025+AC0-03+AC0-29,+ACI-Widget C+ACI-,20
2025+AC0-03+AC0-30,+ACI-Widget A+ACI-,16
2025+AC0-03+AC0-30,+ACI-Widget B+ACI-,14
2025+AC0-03+AC0-30,+ACI-Widget C+ACI-,21
2025+AC0-03+AC0-31,+ACI-Widget A+ACI-,17
2025+AC0-03+AC0-31,+ACI-Widget B+ACI-,18
2025+AC0-03+AC0-31,+ACI-Widget C+ACI-,12
2025+AC0-04+AC0-01,+ACI-Widget A+ACI-,22
2025+AC0-04+AC0-01,+ACI-Widget B+ACI-,16
2025+AC0-04+AC0-01,+ACI-Widget C+ACI-,22
2025+AC0-04+AC0-02,+ACI-Widget A+ACI-,18
2025+AC0-04+AC0-02,+ACI-Widget B+ACI-,11
2025+AC0-04+AC0-02,+ACI-Widget C+ACI-,13
2025+AC0-04+AC0-03,+ACI-Widget A+ACI-,14
2025+AC0-04+AC0-03,+ACI-Widget B+ACI-,16
2025+AC0-04+AC0-03,+ACI-Widget C+ACI-,15
2025+AC0-04+AC0-04,+ACI-Widget A+ACI-,15
2025+AC0-04+AC0-04,+ACI-Widget B+ACI-,14
2025+AC0-04+AC0-04,+ACI-Widget C+ACI-,19
2025+AC0-04+AC0-05,+ACI-Widget A+ACI-,21
2025+AC0-04+AC0-05,+ACI-Widget B+ACI-,22
2025+AC0-04+AC0-05,+ACI-Widget C+ACI-,20
2025+AC0-04+AC0-06,+ACI-Widget A+ACI-,14
2025+AC0-04+AC0-06,+ACI-Widget B+ACI-,20
2025+AC0-04+AC0-06,+ACI-Widget C+ACI-,17
2025+AC0-04+AC0-07,+ACI-Widget A+ACI-,15
2025+AC0-04+AC0-07,+ACI-Widget B+ACI-,8
2025+AC0-04+AC0-07,+ACI-Widget C+ACI-,13
2025+AC0-04+AC0-08,+ACI-Widget A+ACI-,17
2025+AC0-04+AC0-08,+ACI-Widget B+ACI-,22
2025+AC0-04+AC0-08,+ACI-Widget C+ACI-,17
2025+AC0-04+AC0-09,+ACI-Widget A+ACI-,21
2025+AC0-04+AC0-09,+ACI-Widget B+ACI-,19
2025+AC0-04+AC0-09,+ACI-Widget C+ACI-,21
2025+AC0-04+AC0-10,+ACI-Widget A+ACI-,11
2025+AC0-04+AC0-10,+ACI-Widget B+ACI-,10
2025+AC0-04+AC0-10,+ACI-Widget C+ACI-,19
2025+AC0-04+AC0-11,+ACI-Widget A+ACI-,19
2025+AC0-04+AC0-11,+ACI-Widget B+ACI-,21
2025+AC0-04+AC0-11,+ACI-Widget C+ACI-,14
2025+AC0-04+AC0-12,+ACI-Widget A+ACI-,13
2025+AC0-04+AC0-12,+ACI-Widget B+ACI-,11
2025+AC0-04+AC0-12,+ACI-Widget C+ACI-,11
2025+AC0-04+AC0-13,+ACI-Widget A+ACI-,17
2025+AC0-04+AC0-13,+ACI-Widget B+ACI-,16
2025+AC0-04+AC0-13,+ACI-Widget C+ACI-,14
2025+AC0-04+AC0-14,+ACI-Widget A+ACI-,22
2025+AC0-04+AC0-14,+ACI-Widget B+ACI-,14
2025+AC0-04+AC0-14,+ACI-Widget C+ACI-,15
2025+AC0-04+AC0-15,+ACI-Widget A+ACI-,13
2025+AC0-04+AC0-15,+ACI-Widget B+ACI-,13
2025+AC0-04+AC0-15,+ACI-Widget C+ACI-,10
2025+AC0-04+AC0-16,+ACI-Widget A+ACI-,14
2025+AC0-04+AC0-16,+ACI-Widget B+ACI-,19
2025+AC0-04+AC0-16,+ACI-Widget C+ACI-,22
2025+AC0-04+AC0-17,+ACI-Widget A+ACI-,13
2025+AC0-04+AC0-17,+ACI-Widget B+ACI-,16
2025+AC0-04+AC0-17,+ACI-Widget C+ACI-,9
2025+AC0-04+AC0-18,+ACI-Widget A+ACI-,14
2025+AC0-04+AC0-18,+ACI-Widget B+ACI-,13
2025+AC0-04+AC0-18,+ACI-Widget C+ACI-,13
2025+AC0-04+AC0-19,+ACI-Widget A+ACI-,12
2025+AC0-04+AC0-19,+ACI-Widget B+ACI-,19
2025+AC0-04+AC0-19,+ACI-Widget C+ACI-,14
2025+AC0-04+AC0-20,+ACI-Widget A+ACI-,15
2025+AC0-04+AC0-20,+ACI-Widget B+ACI-,13
2025+AC0-04+AC0-20,+ACI-Widget C+ACI-,18
2025+AC0-04+AC0-21,+ACI-Widget A+ACI-,9
2025+AC0-04+AC0-21,+ACI-Widget B+ACI-,11
2025+AC0-04+AC0-21,+ACI-Widget C+ACI-,16
2025+AC0-04+AC0-22,+ACI-Widget A+ACI-,9
2025+AC0-04+AC0-22,+ACI-Widget B+ACI-,13
2025+AC0-04+AC0-22,+ACI-Widget C+ACI-,9
2025+AC0-04+AC0-23,+ACI-Widget A+ACI-,20
2025+AC0-04+AC0-23,+ACI-Widget B+ACI-,18
2025+AC0-04+AC0-23,+ACI-Widget C+ACI-,13
2025+AC0-04+AC0-24,+ACI-Widget A+ACI-,15
2025+AC0-04+AC0-24,+ACI-Widget B+ACI-,15
2025+AC0-04+AC0-24,+ACI-Widget C+ACI-,6
2025+AC0-04+AC0-25,+ACI-Widget A+ACI-,12
2025+AC0-04+AC0-25,+ACI-Widget B+ACI-,11
2025+AC0-04+AC0-25,+ACI-Widget C+ACI-,13
2025+AC0-04+AC0-26,+ACI-Widget A+ACI-,7
2025+AC0-04+AC0-26,+ACI-Widget B+ACI-,24
2025+AC0-04+AC0-26,+ACI-Widget C+ACI-,20
2025+AC0-04+AC0-27,+ACI-Widget A+ACI-,13
2025+AC0-04+AC0-27,+ACI-Widget B+ACI-,13
2025+AC0-04+AC0-27,+ACI-Widget C+ACI-,13
2025+AC0-04+AC0-28,+ACI-Widget A+ACI-,17
2025+AC0-04+AC0-28,+ACI-Widget B+ACI-,16
2025+AC0-04+AC0-28,+ACI-Widget C+ACI-,15
2025+AC0-04+AC0-29,+ACI-Widget A+ACI-,10
2025+AC0-04+AC0-29,+ACI-Widget B+ACI-,11
2025+AC0-04+AC0-29,+ACI-Widget C+ACI-,14
2025+AC0-04+AC0-30,+ACI-Widget A+ACI-,15
2025+AC0-04+AC0-30,+ACI-Widget B+ACI-,17
2025+AC0-04+AC0-30,+ACI-Widget C+ACI-,13
2025+AC0-05+AC0-01,+ACI-Widget A+ACI-,19
2025+AC0-05+AC0-01,+ACI-Widget B+ACI-,12
2025+AC0-05+AC0-01,+ACI-Widget C+ACI-,7
2025+AC0-05+AC0-02,+ACI-Widget A+ACI-,17
2025+AC0-05+AC0-02,+ACI-Widget B+ACI-,10
2025+AC0-05+AC0-02,+ACI-Widget C+ACI-,14
2025+AC0-05+AC0-03,+ACI-Widget A+ACI-,16
2025+AC0-05+AC0-03,+ACI-Widget B+ACI-,12
2025+AC0-05+AC0-03,+ACI-Widget C+ACI-,11
2025+AC0-05+AC0-04,+ACI-Widget A+ACI-,13
2025+AC0-05+AC0-04,+ACI-Widget B+ACI-,7
2025+AC0-05+AC0-04,+ACI-Widget C+ACI-,17
2025+AC0-05+AC0-05,+ACI-Widget A+ACI-,11
2025+AC0-05+AC0-05,+ACI-Widget B+ACI-,10
2025+AC0-05+AC0-05,+ACI-Widget C+ACI-,16
2025+AC0-05+AC0-06,+ACI-Widget A+ACI-,10
2025+AC0-05+AC0-06,+ACI-Widget B+ACI-,17
2025+AC0-05+AC0-06,+ACI-Widget C+ACI-,16
2025+AC0-05+AC0-07,+ACI-Widget A+ACI-,10
2025+AC0-05+AC0-07,+ACI-Widget B+ACI-,18
2025+AC0-05+AC0-07,+ACI-Widget C+ACI-,14
2025+AC0-05+AC0-08,+ACI-Widget A+ACI-,21
2025+AC0-05+AC0-08,+ACI-Widget B+ACI-,18
2025+AC0-05+AC0-08,+ACI-Widget C+ACI-,15
2025+AC0-05+AC0-09,+ACI-Widget A+ACI-,14
2025+AC0-05+AC0-09,+ACI-Widget B+ACI-,18
2025+AC0-05+AC0-09,+ACI-Widget C+ACI-,13
2025+AC0-05+AC0-10,+ACI-Widget A+ACI-,16
2025+AC0-05+AC0-10,+ACI-Widget B+ACI-,18
2025+AC0-05+AC0-10,+ACI-Widget C+ACI-,9
2025+AC0-05+AC0-11,+ACI-Widget A+ACI-,21
2025+AC0-05+AC0-11,+ACI-Widget B+ACI-,10
2025+AC0-05+AC0-11,+ACI-Widget C+ACI-,11
2025+AC0-05+AC0-12,+ACI-Widget A+ACI-,15
2025+AC0-05+AC0-12,+ACI-Widget B+ACI-,17
2025+AC0-05+AC0-12,+ACI-Widget C+ACI-,13
2025+AC0-05+AC0-13,+ACI-Widget A+ACI-,16
2025+AC0-05+AC0-13,+ACI-Widget B+ACI-,11
2025+AC0-05+AC0-13,+ACI-Widget C+ACI-,18
2025+AC0-05+AC0-14,+ACI-Widget A+ACI-,11
2025+AC0-05+AC0-14,+ACI-Widget B+ACI-,20
2025+AC0-05+AC0-14,+ACI-Widget C+ACI-,17
2025+AC0-05+AC0-15,+ACI-Widget A+ACI-,10
2025+AC0-05+AC0-15,+ACI-Widget B+ACI-,10
2025+AC0-05+AC0-15,+ACI-Widget C+ACI-,19
2025+AC0-05+AC0-16,+ACI-Widget A+ACI-,25
2025+AC0-05+AC0-16,+ACI-Widget B+ACI-,17
2025+AC0-05+AC0-16,+ACI-Widget C+ACI-,13
2025+AC0-05+AC0-17,+ACI-Widget A+ACI-,20
2025+AC0-05+AC0-17,+ACI-Widget B+ACI-,10
2025+AC0-05+AC0-17,+ACI-Widget C+ACI-,24
2025+AC0-05+AC0-18,+ACI-Widget A+ACI-,20
2025+AC0-05+AC0-18,+ACI-Widget B+ACI-,17
2025+AC0-05+AC0-18,+ACI-Widget C+ACI-,15
2025+AC0-05+AC0-19,+ACI-Widget A+ACI-,17
2025+AC0-05+AC0-19,+ACI-Widget B+ACI-,16
2025+AC0-05+AC0-19,+ACI-Widget C+ACI-,12
2025+AC0-05+AC0-20,+ACI-Widget A+ACI-,17
2025+AC0-05+AC0-20,+ACI-Widget B+ACI-,14
2025+AC0-05+AC0-20,+ACI-Widget C+ACI-,12
2025+AC0-05+AC0-21,+ACI-Widget A+ACI-,12
2025+AC0-05+AC0-21,+ACI-Widget B+ACI-,21
2025+AC0-05+AC0-21,+ACI-Widget C+ACI-,13
2025+AC0-05+AC0-22,+ACI-Widget A+ACI-,19
2025+AC0-05+AC0-22,+ACI-Widget B+ACI-,16
2025+AC0-05+AC0-22,+ACI-Widget C+ACI-,21
2025+AC0-05+AC0-23,+ACI-Widget A+ACI-,16
2025+AC0-05+AC0-23,+ACI-Widget B+ACI-,18
2025+AC0-05+AC0-23,+ACI-Widget C+ACI-,8
2025+AC0-05+AC0-24,+ACI-Widget A+ACI-,14
2025+AC0-05+AC0-24,+ACI-Widget B+ACI-,10
2025+AC0-05+AC0-24,+ACI-Widget C+ACI-,16
2025+AC0-05+AC0-25,+ACI-Widget A+ACI-,9
2025+AC0-05+AC0-25,+ACI-Widget B+ACI-,17
2025+AC0-05+AC0-25,+ACI-Widget C+ACI-,17
2025+AC0-05+AC0-26,+ACI-Widget A+ACI-,21
2025+AC0-05+AC0-26,+ACI-Widget B+ACI-,16
2025+AC0-05+AC0-26,+ACI-Widget C+ACI-,20
2025+AC0-05+AC0-27,+ACI-Widget A+ACI-,22
2025+AC0-05+AC0-27,+ACI-Widget B+ACI-,18
2025+AC0-05+AC0-27,+ACI-Widget C+ACI-,17
2025+AC0-05+AC0-28,+ACI-Widget A+ACI-,20
2025+AC0-05+AC0-28,+ACI-Widget B+ACI-,14
2025+AC0-05+AC0-28,+ACI-Widget C+ACI-,23
2025+AC0-05+AC0-29,+ACI-Widget A+ACI-,16
2025+AC0-05+AC0-29,+ACI-Widget B+ACI-,17
2025+AC0-05+AC0-29,+ACI-Widget C+ACI-,18
2025+AC0-05+AC0-30,+ACI-Widget A+ACI-,13
2025+AC0-05+AC0-30,+ACI-Widget B+ACI-,23
2025+AC0-05+AC0-30,+ACI-Widget C+ACI-,10
2025+AC0-05+AC0-31,+ACI-Widget A+ACI-,17
2025+AC0-05+AC0-31,+ACI-Widget B+ACI-,10
2025+AC0-05+AC0-31,+ACI-Widget C+ACI-,17
2025+AC0-06+AC0-01,+ACI-Widget A+ACI-,20
2025+AC0-06+AC0-01,+ACI-Widget B+ACI-,14
2025+AC0-06+AC0-01,+ACI-Widget C+ACI-,13
2025+AC0-06+AC0-02,+ACI-Widget A+ACI-,11
2025+AC0-06+AC0-02,+ACI-Widget B+ACI-,12
2025+AC0-06+AC0-02,+ACI-Widget C+ACI-,23
2025+AC0-06+AC0-03,+ACI-Widget A+ACI-,17
2025+AC0-06+AC0-03,+ACI-Widget B+ACI-,20
2025+AC0-06+AC0-03,+ACI-Widget C+ACI-,13
2025+AC0-06+AC0-04,+ACI-Widget A+ACI-,17
2025+AC0-06+AC0-04,+ACI-Widget B+ACI-,13
2025+AC0-06+AC0-04,+ACI-Widget C+ACI-,24
2025+AC0-06+AC0-05,+ACI-Widget A+ACI-,15
2025+AC0-06+AC0-05,+ACI-Widget B+ACI-,15
2025+AC0-06+AC0-05,+ACI-Widget C+ACI-,18
2025+AC0-06+AC0-06,+ACI-Widget A+ACI-,22
2025+AC0-06+AC0-06,+ACI-Widget B+ACI-,23
2025+AC0-06+AC0-06,+ACI-Widget C+ACI-,6
2025+AC0-06+AC0-07,+ACI-Widget A+ACI-,10
2025+AC0-06+AC0-07,+ACI-Widget B+ACI-,14
2025+AC0-06+AC0-07,+ACI-Widget C+ACI-,13
2025+AC0-06+AC0-08,+ACI-Widget A+ACI-,13
2025+AC0-06+AC0-08,+ACI-Widget B+ACI-,22
2025+AC0-06+AC0-08,+ACI-Widget C+ACI-,14
2025+AC0-06+AC0-09,+ACI-Widget A+ACI-,15
2025+AC0-06+AC0-09,+ACI-Widget B+ACI-,17
2025+AC0-06+AC0-09,+ACI-Widget C+ACI-,13
2025+AC0-06+AC0-10,+ACI-Widget A+ACI-,12
2025+AC0-06+AC0-10,+ACI-Widget B+ACI-,18
2025+AC0-06+AC0-10,+ACI-Widget C+ACI-,19
2025+AC0-06+AC0-11,+ACI-Widget A+ACI-,9
2025+AC0-06+AC0-11,+ACI-Widget B+ACI-,22
2025+AC0-06+AC0-11,+ACI-Widget C+ACI-,12
2025+AC0-06+AC0-12,+ACI-Widget A+ACI-,22
2025+AC0-06+AC0-12,+ACI-Widget B+ACI-,16
2025+AC0-06+AC0-12,+ACI-Widget C+ACI-,10
2025+AC0-06+AC0-13,+ACI-Widget A+ACI-,8
2025+AC0-06+AC0-13,+ACI-Widget B+ACI-,15
2025+AC0-06+AC0-13,+ACI-Widget C+ACI-,21
2025+AC0-06+AC0-14,+ACI-Widget A+ACI-,22
2025+AC0-06+AC0-14,+ACI-Widget B+ACI-,21
2025+AC0-06+AC0-14,+ACI-Widget C+ACI-,18
2025+AC0-06+AC0-15,+ACI-Widget A+ACI-,13
2025+AC0-06+AC0-15,+ACI-Widget B+ACI-,11
2025+AC0-06+AC0-15,+ACI-Widget C+ACI-,20
2025+AC0-06+AC0-16,+ACI-Widget A+ACI-,21
2025+AC0-06+AC0-16,+ACI-Widget B+ACI-,18
2025+AC0-06+AC0-16,+ACI-Widget C+ACI-,17
2025+AC0-06+AC0-17,+ACI-Widget A+ACI-,22
2025+AC0-06+AC0-17,+ACI-Widget B+ACI-,19
2025+AC0-06+AC0-17,+ACI-Widget C+ACI-,11
2025+AC0-06+AC0-18,+ACI-Widget A+ACI-,14
2025+AC0-06+AC0-18,+ACI-Widget B+ACI-,27
2025+AC0-06+AC0-18,+ACI-Widget C+ACI-,21
2025+AC0-06+AC0-19,+ACI-Widget A+ACI-,19
2025+AC0-06+AC0-19,+ACI-Widget B+ACI-,17
2025+AC0-06+AC0-19,+ACI-Widget C+ACI-,15
2025+AC0-06+AC0-20,+ACI-Widget A+ACI-,26
2025+AC0-06+AC0-20,+ACI-Widget B+ACI-,15
2025+AC0-06+AC0-20,+ACI-Widget C+ACI-,27
2025+AC0-06+AC0-21,+ACI-Widget A+ACI-,28
2025+AC0-06+AC0-21,+ACI-Widget B+ACI-,23
2025+AC0-06+AC0-21,+ACI-Widget C+ACI-,20
2025+AC0-06+AC0-22,+ACI-Widget A+ACI-,12
2025+AC0-06+AC0-22,+ACI-Widget B+ACI-,20
2025+AC0-06+AC0-22,+ACI-Widget C+ACI-,14
2025+AC0-06+AC0-23,+ACI-Widget A+ACI-,18
2025+AC0-06+AC0-23,+ACI-Widget B+ACI-,21
2025+AC0-06+AC0-23,+ACI-Widget C+ACI-,14
2025+AC0-06+AC0-24,+ACI-Widget A+ACI-,16
2025+AC0-06+AC0-24,+ACI-Widget B+ACI-,23
2025+AC0-06+AC0-24,+ACI-Widget C+ACI-,20
2025+AC0-06+AC0-25,+ACI-Widget A+ACI-,15
2025+AC0-06+AC0-25,+ACI-Widget B+ACI-,14
2025+AC0-06+AC0-25,+ACI-Widget C+ACI-,24
2025+AC0-06+AC0-26,+ACI-Widget A+ACI-,20
2025+AC0-06+AC0-26,+ACI-Widget B+ACI-,23
2025+AC0-06+AC0-26,+ACI-Widget C+ACI-,23
2025+AC0-06+AC0-27,+ACI-Widget A+ACI-,20
2025+AC0-06+AC0-27,+ACI-Widget B+ACI-,19
2025+AC0-06+AC0-27,+ACI-Widget C+ACI-,18
2025+AC0-06+AC0-28,+ACI-Widget A+ACI-,24
2025+AC0-06+AC0-28,+ACI-Widget B+ACI-,15
2025+AC0-06+AC0-28,+ACI-Widget C+ACI-,18
2025+AC0-06+AC0-29,+ACI-Widget A+ACI-,17
2025+AC0-06+AC0-29,+ACI-Widget B+ACI-,22
2025+AC0-06+AC0-29,+ACI-Widget C+ACI-,15
2025+AC0-06+AC0-30,+ACI-Widget A+ACI-,18
2025+AC0-06+AC0-30,+ACI-Widget B+ACI-,21
2025+AC0-06+AC0-30,+ACI-Widget C+ACI-,23
2025+AC0-07+AC0-01,+ACI-Widget A+ACI-,16
2025+AC0-07+AC0-01,+ACI-Widget B+ACI-,23
2025+AC0-07+AC0-01,+ACI-Widget C+ACI-,27
2025+AC0-07+AC0-02,+ACI-Widget A+ACI-,16
2025+AC0-07+AC0-02,+ACI-Widget B+ACI-,18
2025+AC0-07+AC0-02,+ACI-Widget C+ACI-,24
2025+AC0-07+AC0-03,+ACI-Widget A+ACI-,21
2025+AC0-07+AC0-03,+ACI-Widget B+ACI-,16
2025+AC0-07+AC0-03,+ACI-Widget C+ACI-,13
2025+AC0-07+AC0-04,+ACI-Widget A+ACI-,26
2025+AC0-07+AC0-04,+ACI-Widget B+ACI-,20
2025+AC0-07+AC0-04,+ACI-Widget C+ACI-,19
2025+AC0-07+AC0-05,+ACI-Widget A+ACI-,22
2025+AC0-07+AC0-05,+ACI-Widget B+ACI-,22
2025+AC0-07+AC0-05,+ACI-Widget C+ACI-,17
2025+AC0-07+AC0-06,+ACI-Widget A+ACI-,20
2025+AC0-07+AC0-06,+ACI-Widget B+ACI-,13
2025+AC0-07+AC0-06,+ACI-Widget C+ACI-,14
2025+AC0-07+AC0-07,+ACI-Widget A+ACI-,15
2025+AC0-07+AC0-07,+ACI-Widget B+ACI-,23
2025+AC0-07+AC0-07,+ACI-Widget C+ACI-,22
2025+AC0-07+AC0-08,+ACI-Widget A+ACI-,20
2025+AC0-07+AC0-08,+ACI-Widget B+ACI-,13
2025+AC0-07+AC0-08,+ACI-Widget C+ACI-,27
2025+AC0-07+AC0-09,+ACI-Widget A+ACI-,18
2025+AC0-07+AC0-09,+ACI-Widget B+ACI-,18
2025+AC0-07+AC0-09,+ACI-Widget C+ACI-,22
2025+AC0-07+AC0-10,+ACI-Widget A+ACI-,17
2025+AC0-07+AC0-10,+ACI-Widget B+ACI-,33
2025+AC0-07+AC0-10,+ACI-Widget C+ACI-,17
2025+AC0-07+AC0-11,+ACI-Widget A+ACI-,16
2025+AC0-07+AC0-11,+ACI-Widget B+ACI-,20
2025+AC0-07+AC0-11,+ACI-Widget C+ACI-,22
2025+AC0-07+AC0-12,+ACI-Widget A+ACI-,9
2025+AC0-07+AC0-12,+ACI-Widget B+ACI-,16
2025+AC0-07+AC0-12,+ACI-Widget C+ACI-,23
2025+AC0-07+AC0-13,+ACI-Widget A+ACI-,18
2025+AC0-07+AC0-13,+ACI-Widget B+ACI-,20
2025+AC0-07+AC0-13,+ACI-Widget C+ACI-,19
2025+AC0-07+AC0-14,+ACI-Widget A+ACI-,28
2025+AC0-07+AC0-14,+ACI-Widget B+ACI-,20
2025+AC0-07+AC0-14,+ACI-Widget C+ACI-,14
2025+AC0-07+AC0-15,+ACI-Widget A+ACI-,18
2025+AC0-07+AC0-15,+ACI-Widget B+ACI-,15
2025+AC0-07+AC0-15,+ACI-Widget C+ACI-,26
2025+AC0-07+AC0-16,+ACI-Widget A+ACI-,19
2025+AC0-07+AC0-16,+ACI-Widget B+ACI-,19
2025+AC0-07+AC0-16,+ACI-Widget C+ACI-,24
2025+AC0-07+AC0-17,+ACI-Widget A+ACI-,12
2025+AC0-07+AC0-17,+ACI-Widget B+ACI-,23
2025+AC0-07+AC0-17,+ACI-Widget C+ACI-,23
